"","ReefID","score","DHW_5km_max_16","DHW_5km_max","DHW_5km_ytd","region","Long_unique","Lat_unique","X","Y","bin.score","year"
"174","10-330",3,10.1,0.45,0.31,"North",142.591629,-10.779503,-4971.35102976613,3802.03588403287,1,"2017"
"191","10-381",2,6.58,2.9,1.74,"North",143.964493,-10.687881,-5062.55022128915,3682.95361485756,0,"2017"
"192","10-383",3,5.39,2.9,1.57,"North",143.948013,-10.672799,-5061.74196382992,3684.59251993428,1,"2017"
"193","10-384",2,6.66,3.27,1.9,"North",143.963776,-10.709744,-5062.13917769896,3682.75145959336,0,"2017"
"194","10-386",2,6.66,3.27,1.9,"North",143.979614,-10.723167,-5062.93251200839,3681.18880113832,0,"2017"
"196","10-388",3,4.28,3,1.74,"North",143.888382,-10.671557,-5057.9251182589,3689.87364141838,1,"2017"
"199","10-391",3,6.3,3.25,1.78,"North",143.982346,-10.755391,-5062.56798739359,3680.55476297524,1,"2017"
"200","10-396",2,10,4.16,2.2,"North",142.901855,-10.357019,-4998.73626453082,3780.26014394568,0,"2017"
"201","10-398",2,6.3,3.25,1.78,"North",143.975479,-10.778152,-5061.74444342619,3680.88342394911,0,"2017"
"202","10-399",3,6.3,3.25,1.78,"North",143.985291,-10.785673,-5062.24818201532,3679.92454781826,1,"2017"
"203","10-400",3,6.3,3.25,1.78,"North",143.989792,-10.794349,-5062.39115630042,3679.42067612287,1,"2017"
"204","10-402",3,8.02,4.06,2.25,"North",144.006592,-10.805487,-5063.2820385285,3677.79976283005,1,"2017"
"206","10-412",2,7.74,4.13,2.41,"North",144.014099,-10.887403,-5062.37693047557,3676.12918339222,0,"2017"
"207","10-414",2,7.91,4.44,2.57,"North",144.018097,-10.926696,-5061.96444783656,3675.29020784527,0,"2017"
"208","10-416b",2,7.83,4.71,2.72,"North",144.03215,-10.965931,-5062.19524657967,3673.56197759799,0,"2017"
"209","10-417",2,5.11,1.98,1.16,"North",143.933014,-10.426536,-5064.82980982463,3688.86908253542,0,"2017"
"210","10-418a",0,7.83,4.71,2.72,"North",144.035202,-10.996821,-5061.86134719473,3672.90806139918,0,"2017"
"211","10-419a",1,8.23,4.57,2.73,"North",144.012909,-11.007766,-5060.24394670029,3674.74080273459,0,"2017"
"212","10-419b",1,8.23,4.57,2.73,"North",144.013092,-11.017948,-5060.08067973507,3674.59755385663,0,"2017"
"213","10-420",0,6.48,4.02,2.32,"North",143.995041,-11.017783,-5058.92558551353,3676.19360803168,0,"2017"
"218","10-432",3,5.19,2.26,1.44,"North",143.909134,-10.469635,-5062.58962159679,3690.46776211518,1,"2017"
"226","10-456",3,5.33,2.24,1.41,"North",143.916504,-10.518339,-5062.26714894421,3689.2355950794,1,"2017"
"280","10-565",0,7.34,4.69,2.65,"North",143.300369,-10.386799,-5024.43029336021,3745.04458390504,0,"2017"
"282","10-567",1,6.58,3.59,1.93,"North",143.345627,-10.147627,-5031.18978494862,3743.90445772797,0,"2017"
"284","10-572",1,6.78,4.06,2.03,"North",143.385986,-10.324091,-5031.02695880605,3738.2799563897,0,"2017"
"286","10-576",0,10.7,4.77,2.65,"North",143.099838,-10.520869,-5009.12907487154,3760.98264064872,0,"2017"
"303","10-624",2,5.73,3.02,1.12,"North",143.495819,-10.260354,-5039.20163866621,3729.38215749878,0,"2017"
"347","10-730",1,4.89,1.99,1.17,"North",143.939911,-10.354967,-5066.43414103988,3689.10425684074,0,"2017"
"367","10-809",3,6.58,2.9,1.74,"North",143.95842,-10.681565,-5062.26510976459,3683.56680585868,1,"2017"
"368","11-001",2,12.06,3.41,2.33,"North",142.990005,-11.01,-4993.79784036737,3764.46258891215,0,"2017"
"373","11-025",1,12.45,3.68,2.28,"North",143.089996,-11.07,-4999.33833154809,3754.97455370121,0,"2017"
"374","11-026",2,12.35,3.55,2.43,"North",143.020004,-11.11,-4994.06411809338,3760.56426005796,0,"2017"
"376","11-035",2,12.48,3.57,2.27,"North",143.029999,-11.18,-4993.51801844106,3758.7881959638,0,"2017"
"378","11-038",2,12.3,3.12,1.81,"North",143,-11.24,-4990.51346083248,3760.62163050282,0,"2017"
"385","11-052",1,12.22,3.74,2.03,"North",143.070007,-11.39,-4992.48871006036,3752.55489982033,0,"2017"
"386","11-053",1,12.22,3.27,2.01,"North",143.038101,-11.384626,-4990.492542917,3755.40539992432,0,"2017"
"388","11-055",2,11.57,3.71,2.01,"North",143.039993,-11.46,-4989.29027266235,3754.24263284637,0,"2017"
"392","11-060",2,11.8,4.07,2.05,"North",143.07515,-11.482043,-4991.20327762568,3750.88762700973,0,"2017"
"393","11-061",3,11.57,3.71,2.01,"North",143.039993,-11.49,-4988.75999178231,3753.84361755994,1,"2017"
"394","11-062",2,11.57,3.71,2.01,"North",143.026306,-11.495616,-4987.76371652512,3754.96040769359,0,"2017"
"395","11-072",1,8.16,5.38,3.56,"North",143.995483,-11.282644,-5054.34659525731,3672.80659117553,0,"2017"
"396","11-073",1,8.95,5.7,4,"North",144.005783,-11.282431,-5055.01051913893,3671.90064074814,0,"2017"
"418","11-112",1,6.48,4.02,2.32,"North",143.99794,-11.030667,-5058.88995585958,3675.77660212121,0,"2017"
"419","11-113",1,8.23,4.57,2.73,"North",144.017319,-11.039342,-5059.98350831775,3673.95685584499,0,"2017"
"420","11-114",1,8.23,4.57,2.73,"North",144.022385,-11.049008,-5060.14171253999,3673.38848790355,0,"2017"
"421","11-115",1,8,4.42,2.75,"North",144.033554,-11.054873,-5060.75650674307,3672.32859075765,0,"2017"
"422","11-116",2,8,4.42,2.75,"North",144.04071,-11.069192,-5060.96784487413,3671.51710346167,0,"2017"
"423","11-117",2,8.42,4.64,2.97,"North",144.044006,-11.103425,-5060.58655482063,3670.79618590552,0,"2017"
"425","11-119",3,9.26,5.13,3.43,"North",144.058441,-11.145983,-5060.77197935008,3668.98518387364,1,"2017"
"426","11-120",2,9.15,5.21,3.5,"North",144.060028,-11.185172,-5060.19040961439,3668.34973150745,0,"2017"
"430","11-125",2,9.44,6.21,4.48,"North",144.065659,-11.261312,-5059.21667645962,3666.88535851904,0,"2017"
"431","11-126a",1,8.95,5.7,4,"North",144.012512,-11.263567,-5055.77350887775,3671.54788388821,0,"2017"
"432","11-126b",1,8.95,5.7,4,"North",144.018326,-11.269264,-5056.04589755125,3670.96212401151,0,"2017"
"435","11-129",1,8.95,5.7,4,"North",144.044113,-11.276286,-5057.57401645151,3668.59656721116,0,"2017"
"439","11-134",1,11.36,2.79,1.16,"North",142.898346,-11.590384,-4977.68346939659,3764.8183305254,0,"2017"
"440","11-136",1,11.48,3.13,1.33,"North",142.940002,-11.6,-4980.24780284359,3761.06887036959,0,"2017"
"442","11-138",1,11.16,4.08,1.97,"North",142.990005,-11.73,-4981.19438029307,3754.96175298383,0,"2017"
"443","11-139",2,11.37,4.56,2.44,"North",142.970001,-11.76,-4979.34099993824,3756.29170063293,0,"2017"
"445","11-141",2,11.37,4.72,2.59,"North",142.915649,-11.769652,-4975.60088932489,3760.88156602915,0,"2017"
"446","11-142",2,11.37,4.72,2.59,"North",142.940002,-11.77,-4977.19266624796,3758.76163996672,0,"2017"
"447","11-143",2,11.37,4.56,2.44,"North",142.955444,-11.77073,-4978.19230708418,3757.41010632045,0,"2017"
"455","11-156",3,11.29,4.15,2.01,"North",143.020004,-11.55,-4986.38568513109,3754.78234779404,1,"2017"
"458","11-161",2,11.46,4.12,1.99,"North",143.009995,-11.6,-4984.83863858405,3754.98215344243,0,"2017"
"469","11-181",2,10.88,4.8,2.65,"North",143.207535,-11.927081,-4991.81727579185,3733.33266366776,0,"2017"
"470","11-183",3,10.88,4.8,2.65,"North",143.242004,-11.942464,-4993.7789378186,3730.11723814082,1,"2017"
"478","11-189",3,10.48,4.71,2.71,"North",143.25473,-11.971351,-4994.07407206831,3728.60985341682,1,"2017"
"481","11-191",2,10.48,4.71,2.71,"North",143.259995,-11.99,-4994.07172864604,3727.89343147333,0,"2017"
"484","11-195",3,10.93,4.66,2.67,"North",143.24118,-11.99827,-4992.69417813885,3729.41883891965,1,"2017"
"485","11-197",2,8.67,6.62,4.7,"North",143.86937,-11.51365,-5042.15015430779,3680.92958530301,0,"2017"
"486","11-201",1,8.67,6.62,4.7,"North",143.866837,-11.530817,-5041.6794652722,3680.92765460762,0,"2017"
"488","11-203",2,8.67,6.62,4.7,"North",143.855957,-11.539862,-5040.81798148638,3681.76633566574,0,"2017"
"489","11-204",1,8.92,7.07,4.71,"North",143.865021,-11.550422,-5041.21056196934,3680.83026736098,0,"2017"
"490","11-208a",0,8.92,7.07,4.71,"North",143.861786,-11.558814,-5040.85178010513,3681.00466711958,0,"2017"
"494","11-212",1,8.92,7.07,4.71,"North",143.855316,-11.592343,-5039.8319548384,3681.13261404439,0,"2017"
"495","11-215",2,9.3,7.5,5.1,"North",143.879593,-11.630122,-5040.70826909503,3678.4984287269,0,"2017"
"498","11-223",2,9.73,9.55,7.18,"North",143.894836,-11.76935,-5039.15030776487,3675.30733173325,0,"2017"
"499","11-224",2,9.73,9.55,7.18,"North",143.8694,-11.781277,-5037.29959268468,3677.384478243,0,"2017"
"500","11-225",2,9.73,9.55,7.18,"North",143.869507,-11.791147,-5037.12539967767,3677.24289180596,0,"2017"
"501","11-226",2,9.64,9.58,7.23,"North",143.864319,-11.80083,-5036.6146496125,3677.56917966689,0,"2017"
"502","11-227",3,9.64,9.58,7.23,"North",143.865005,-11.808615,-5036.51565555599,3677.40444667444,1,"2017"
"503","11-228",1,11.73,11.05,8.43,"North",143.969101,-11.801979,-5043.31059708549,3668.33674973067,0,"2017"
"504","11-229a",2,9.64,9.58,7.23,"North",143.856049,-11.825835,-5035.6241148212,3677.96038480917,0,"2017"
"505","11-229b",1,9.03,8.93,6.63,"North",143.842743,-11.844261,-5034.43055220047,3678.88179846504,0,"2017"
"508","11-232",1,8.92,8.79,6.51,"North",143.838226,-11.870151,-5033.66293693165,3678.92964513571,0,"2017"
"509","11-236",1,8.92,8.79,6.51,"North",143.833908,-11.897492,-5032.880243676,3678.939533922,0,"2017"
"512","11-238",1,9.91,9.56,7.24,"North",143.853027,-11.926991,-5033.56085319282,3676.86053774337,0,"2017"
"513","11-239",1,9.9,9.1,6.95,"North",143.868088,-11.953409,-5034.03633638218,3675.17891034904,0,"2017"
"515","11-241",2,9.9,9.1,6.95,"North",143.884109,-11.979672,-5034.57465218475,3673.41426009491,0,"2017"
"516","11-242",2,11.05,10.85,8.36,"North",143.904602,-11.993566,-5035.62893567873,3671.42427930745,0,"2017"
"518","11-244a",1,10.78,10.32,7.77,"North",144.018341,-11.681368,-5048.66978454627,3665.60464948815,0,"2017"
"519","11-244b",1,12.55,13.28,10.06,"North",144.070328,-11.777905,-5050.22662788715,3659.74173803269,0,"2017"
"520","11-244c",1,11.39,10.57,8.27,"North",143.997635,-11.784178,-5045.46411937414,3666.0624615221,0,"2017"
"522","11-281",0,9.3,7.5,5.1,"North",143.889816,-11.632063,-5041.32937126964,3677.5733376652,0,"2017"
"529","12-004",2,10.37,5.04,3.01,"North",143.259995,-12.1,-4992.02629778637,3726.36659151575,0,"2017"
"531","12-006",2,10.8,5.68,3.63,"North",143.270004,-12.14,-4991.92872762557,3724.93598812776,0,"2017"
"532","12-007",1,9.94,5.86,3.75,"North",143.369995,-12.14,-4998.42177718431,3716.21854506869,0,"2017"
"538","12-014",3,10.69,5.91,3.99,"North",143.299286,-12.271646,-4991.35037352322,3720.53466716358,1,"2017"
"539","12-016a",2,9.37,6.2,3.88,"North",143.433151,-12.311656,-4999.26865330509,3708.29855089424,0,"2017"
"543","12-021",1,10.97,6.3,4.51,"North",143.242126,-12.355076,-4986.05113885323,3724.32839663885,0,"2017"
"546","12-027a",1,8.6,6.62,3.75,"North",143.476089,-12.473526,-4998.94212584645,3702.25204958741,0,"2017"
"549","12-029",2,11.05,10.85,8.36,"North",143.910614,-11.996399,-5035.96124262815,3670.85731068629,0,"2017"
"551","12-031",2,10.92,10.94,8.33,"North",143.923111,-12.004281,-5036.61450668619,3669.65150273619,0,"2017"
"552","12-032",2,12.03,11.75,8.89,"North",143.955551,-12.022071,-5038.35849387451,3666.55699464527,0,"2017"
"553","12-033",2,8.93,7.89,6.07,"North",143.847977,-12.033842,-5031.245344312,3675.84924154825,0,"2017"
"554","12-034",1,9.73,8.75,6.49,"North",143.871857,-12.038436,-5032.69090641356,3673.68917166262,0,"2017"
"555","12-035",1,9.73,8.75,6.49,"North",143.896576,-12.046716,-5034.12016834913,3671.40439707852,0,"2017"
"556","12-036",3,8.93,7.89,6.07,"North",143.832626,-12.041666,-5030.11383285105,3677.09003144245,1,"2017"
"557","12-037",1,12.03,11.67,8.96,"North",143.970001,-12.08,-5038.19544204509,3664.49514741798,0,"2017"
"558","12-038a",2,11.05,10.7,8.1,"North",143.909195,-12.054065,-5034.79078656237,3670.19508161459,0,"2017"
"560","12-038c",1,11.05,10.7,8.1,"North",143.925735,-12.061123,-5035.7175712544,3668.64496267183,0,"2017"
"561","12-039",3,9.01,7.53,5.72,"North",143.817551,-12.051482,-5028.96231781926,3678.27888492524,1,"2017"
"562","12-040",2,9.01,7.53,5.72,"North",143.811386,-12.072307,-5028.17596752381,3678.53426477121,0,"2017"
"563","12-042",2,9.01,7.53,5.72,"North",143.803711,-12.095145,-5027.25415566266,3678.89382928287,0,"2017"
"564","12-043a",2,8.87,7.7,5.88,"North",143.807983,-12.120024,-5027.0601546596,3678.17635051084,0,"2017"
"565","12-043b",2,8.87,7.7,5.88,"North",143.810867,-12.14469,-5026.78005969496,3677.58294538443,0,"2017"
"566","12-046",2,8.43,7.73,5.76,"North",143.805161,-12.171677,-5025.90375220229,3677.71031598961,0,"2017"
"567","12-048",1,7.99,7.42,5.58,"North",143.780594,-12.194097,-5023.9019410192,3679.55409682555,0,"2017"
"568","12-051",2,8.06,7.21,5.06,"North",143.794312,-12.208414,-5024.51128265191,3678.15240610131,0,"2017"
"571","12-053",2,8.39,8.28,6.27,"North",143.819199,-12.222636,-5025.83836734416,3675.77207943772,0,"2017"
"572","12-054",4,9.71,9.48,7,"North",143.874222,-12.240463,-5029.02679256468,3670.69631176159,1,"2017"
"573","12-055a",4,9.71,9.48,7,"North",143.899582,-12.242903,-5030.60452467125,3668.43613107641,1,"2017"
"574","12-055b",3,9.71,9.48,7,"North",143.890244,-12.246865,-5029.93109332348,3669.20089867325,1,"2017"
"575","12-056",2,10.91,10.82,7.92,"North",143.919998,-12.27,-5031.39441729689,3666.26667175731,0,"2017"
"576","12-058",2,8.94,8.63,6.1,"North",143.827042,-12.340383,-5024.09328175677,3673.4402718287,0,"2017"
"577","12-059",2,8.4,7.25,4.57,"North",143.791229,-12.364087,-5021.34124916555,3676.24680748031,0,"2017"
"578","12-061",2,8.4,7.25,4.57,"North",143.757065,-12.384436,-5018.75723291045,3678.95357850821,0,"2017"
"579","12-062",2,7.65,5.84,3.15,"North",143.747116,-12.411819,-5017.59114793911,3679.43840494079,0,"2017"
"580","12-068",2,8.65,6.99,4.28,"North",143.751282,-12.437053,-5017.37181521731,3678.71660546397,0,"2017"
"581","12-069",2,8.76,7.66,4.91,"North",143.762726,-12.465611,-5017.55424591515,3677.3096547861,0,"2017"
"582","12-070",1,8.76,7.66,4.91,"North",143.758713,-12.483531,-5016.94952847076,3677.40661866479,0,"2017"
"583","12-071",1,8.76,7.66,4.91,"North",143.771378,-12.488822,-5017.65967405039,3676.22237624284,0,"2017"
"586","12-076",2,10.54,7.2,4.72,"North",143.39006,-12.586319,-4991.19343100341,3708.13103571762,0,"2017"
"588","12-078",2,10.06,7.49,4.79,"North",143.446732,-12.623296,-4994.13797221829,3702.65798350728,0,"2017"
"589","12-080",2,10.06,7.49,4.79,"North",143.41806,-12.648752,-4991.78723240712,3704.78765972136,0,"2017"
"591","12-085",4,10.63,9.22,6.42,"North",143.481766,-12.754794,-4993.81980647287,3697.69228343337,1,"2017"
"592","12-086",4,10.63,9.22,6.23,"North",143.466217,-12.778215,-4992.35372602376,3698.70478711785,1,"2017"
"593","12-088",4,11.96,9.59,6.58,"North",143.412781,-12.779979,-4988.86717978679,3703.3333570573,1,"2017"
"595","12-094",1,8.92,8.15,5.31,"North",143.793716,-12.534526,-5018.20418103168,3673.61551801227,0,"2017"
"597","12-098",1,9.05,8.12,5.23,"North",143.794495,-12.582124,-5017.32554297679,3672.86753146351,0,"2017"
"599","12-101",2,9.31,9.37,6.43,"North",143.810776,-12.599303,-5018.03294798149,3671.19581039167,0,"2017"
"601","12-104",2,9.2,9.39,6.42,"North",143.835709,-12.634537,-5018.93914595381,3668.50680295671,0,"2017"
"603","12-107",1,8.95,9.39,6.41,"North",143.844406,-12.684549,-5018.5118938454,3667.02589038947,0,"2017"
"605","12-110",2,8.51,9.18,6.21,"North",143.810516,-12.705354,-5015.93168907937,3669.69347274661,0,"2017"
"606","12-111",2,8.51,9.18,6.21,"North",143.807907,-12.721772,-5015.44033489134,3669.68462827525,0,"2017"
"607","12-112",4,7.32,8.38,5.5,"North",143.610001,-12.71,-5002.96688535488,3687.15753291782,1,"2017"
"608","12-113",4,7.84,8.6,5.65,"North",143.792343,-12.746032,-5013.96352445177,3670.69565719201,1,"2017"
"609","12-114",2,8.39,9.88,6.91,"North",143.813385,-12.757544,-5015.08321291794,3668.68719920509,0,"2017"
"610","12-115",3,7.52,9.01,5.96,"North",143.610001,-12.77,-5001.78250053964,3686.28464818893,1,"2017"
"611","12-116",1,8.39,9.88,6.75,"North",143.80246,-12.797625,-5013.58814265753,3669.06127006698,0,"2017"
"612","12-118",1,8.19,9.99,6.85,"North",143.839996,-12.83,-5015.34615546331,3665.30485343861,0,"2017"
"615","12-127",2,8.29,10.39,6.96,"North",143.81987,-12.893789,-5012.78390596432,3666.13426707155,0,"2017"
"616","12-129",2,7.71,9.46,6.74,"North",143.600784,-12.887245,-4998.85949380221,3685.37149115918,0,"2017"
"620","12-134",1,8.1,10.49,7.33,"North",143.821701,-12.935329,-5012.06776996237,3665.36467874954,0,"2017"
"623","12-137",1,8.18,10.54,7.37,"North",143.828598,-12.965333,-5011.90538144344,3664.32003743192,0,"2017"
"625","12-143",2,9.27,11.22,7.87,"North",143.852173,-12.999448,-5012.7245364021,3661.75483609469,0,"2017"
"627","13-002",1,9.06,11.92,8.28,"North",143.853958,-13.023613,-5012.35008479419,3661.24182487351,0,"2017"
"628","13-005",1,9.06,11.92,8.28,"North",143.869995,-13.04,-5013.04280398838,3659.59646939476,0,"2017"
"629","13-006",1,8.27,10.46,7.79,"North",143.626236,-13.041784,-4997.3920658162,3680.86421483631,0,"2017"
"634","13-014",2,7.25,10.41,7.71,"North",143.697174,-13.070544,-5001.36330483911,3674.24639310749,0,"2017"
"635","13-015",2,9.28,12.08,8.78,"North",143.897919,-13.075762,-5014.09985644908,3656.62346353515,0,"2017"
"639","13-022",2,7.59,10.72,7.85,"North",143.657867,-13.11121,-4998.0164891025,3677.06970993004,0,"2017"
"640","13-024",3,8.31,11.08,8.4,"North",143.64209,-13.152102,-4996.1718529712,3677.83342097555,1,"2017"
"641","13-026",4,7.46,11.05,8.2,"North",143.658905,-13.16553,-4996.97719783429,3676.16557198787,1,"2017"
"643","13-028",2,10.08,12.72,9.25,"North",143.949997,-13.14,-5016.11170287364,3651.11117042256,0,"2017"
"646","13-032",2,7.68,11.19,8.32,"North",143.694534,-13.204535,-4998.46498921387,3672.4717751399,0,"2017"
"648","13-036",3,7.37,11.22,8.28,"North",143.739456,-13.238585,-5000.64454616192,3668.0394836053,1,"2017"
"649","13-040",3,9.67,11.43,8.02,"North",143.940002,-13.27,-5012.8052712385,3650.0424217094,1,"2017"
"650","13-041",3,7.72,11.11,8.4,"North",143.693558,-13.276114,-4996.93338585781,3671.47754594202,1,"2017"
"654","13-050b",3,10.1,11.3,8.12,"North",143.950912,-13.308125,-5012.71233798579,3648.51438946962,1,"2017"
"655","13-052",3,7.99,11.14,8.37,"North",143.730972,-13.323596,-4998.3505218977,3667.49525218342,1,"2017"
"657","13-055",2,8.31,11.15,8.3,"North",143.783997,-13.331079,-5001.58775741822,3662.75458075608,0,"2017"
"658","13-056",3,9.62,11.13,8,"North",143.95874,-13.367212,-5011.98520611898,3646.93772536423,1,"2017"
"660","13-060",3,8.06,11.19,8.41,"North",143.750656,-13.416821,-4997.67706140537,3664.36044968702,1,"2017"
"661","13-061a",3,9.17,11.18,7.93,"North",143.974762,-13.401638,-5012.28817268085,3645.01488528186,1,"2017"
"662","13-061b",1,9.17,11.18,7.93,"North",143.975906,-13.42456,-5011.88276643537,3644.56707826507,0,"2017"
"663","13-061c",2,9.17,11.18,7.93,"North",143.977463,-13.442066,-5011.61605874776,3644.16493013775,0,"2017"
"664","13-063",3,8.16,10.76,7.97,"North",143.815308,-13.423104,-5001.67783767384,3658.6230593144,1,"2017"
"666","13-072",4,8.04,11.5,8.78,"North",143.738556,-13.486295,-4995.45408339748,3664.35289901198,1,"2017"
"667","13-074",2,9.92,11.39,8.46,"North",144.052643,-13.478081,-5015.63875480217,3637.03864278723,0,"2017"
"669","13-076",4,7.91,10.83,8.16,"North",143.799591,-13.530557,-4998.42702272998,3658.3503560936,1,"2017"
"670","13-077",3,7.22,10.13,7.35,"North",143.839996,-13.56,-5000.38656012453,3654.37211306515,1,"2017"
"671","13-078",3,7.17,9.26,6.54,"North",143.919998,-13.64,-5003.79375193651,3646.15467274939,1,"2017"
"672","13-079c",2,7.17,9.26,6.54,"North",143.907867,-13.606701,-5003.72639120312,3647.72777839431,0,"2017"
"675","13-087",2,6.38,10.38,7.57,"North",143.837936,-13.759636,-4996.02277109697,3651.45854826935,0,"2017"
"676","13-088",3,6.86,9.63,6.91,"North",143.910004,-13.74,-5001.03107913261,3645.47724207356,1,"2017"
"677","13-089",3,6.69,9.74,7,"North",143.947723,-13.756306,-5003.0815126744,3641.93057402071,1,"2017"
"679","13-093b",3,7.21,9.57,6.86,"North",143.9617,-13.760877,-5003.87204437487,3640.63887193255,1,"2017"
"680","13-093c",4,7.21,9.57,6.86,"North",143.979446,-13.768379,-5004.83887292321,3638.97214578345,1,"2017"
"683","13-108",3,5.99,8.99,6.44,"North",143.949997,-13.91,-4999.92239596011,3639.32735004241,1,"2017"
"686","13-116",2,9.8,11.38,8.48,"North",144.089691,-13.542112,-5016.64225687346,3632.81914786004,0,"2017"
"687","13-117a",2,8.89,10.98,7.94,"North",144.099197,-13.591717,-5016.19680494921,3631.22805603091,0,"2017"
"688","13-117b",2,8.8,10.8,7.8,"North",144.095688,-13.600476,-5015.78895415487,3631.40099313294,0,"2017"
"689","13-118a",1,9.82,12.03,8.78,"North",144.103912,-13.625589,-5015.77772303882,3630.29566070978,0,"2017"
"690","13-119",2,10.02,12.46,8.96,"North",144.166061,-13.676316,-5018.63333216328,3624.07354529301,0,"2017"
"691","13-120",2,9.9,12.17,8.78,"North",144.23735,-13.736836,-5021.84472431411,3616.89451385309,0,"2017"
"692","13-121",3,9.98,12.45,9.01,"North",144.267059,-13.780105,-5022.79062413926,3613.62184015974,1,"2017"
"693","13-122",4,6.57,9.77,7.05,"North",144.027832,-13.858379,-5005.97643209397,3633.34077054332,1,"2017"
"695","13-125",2,8.84,11.6,8.21,"North",144.311295,-13.86554,-5023.73560413759,3608.41873223852,0,"2017"
"696","13-127",2,8.24,11,7.66,"North",144.356628,-13.921191,-5025.38154862391,3603.57690429256,0,"2017"
"697","13-129",2,7.71,10.47,7.21,"North",144.401077,-13.952443,-5027.49506970691,3599.19001306792,0,"2017"
"698","13-130",1,7.75,10.54,7.27,"North",144.454834,-13.977374,-5030.32540458297,3594.08252505593,0,"2017"
"699","13-131",2,8.07,11.19,7.79,"North",144.574387,-13.961969,-5038.15080390169,3583.8181606521,0,"2017"
"700","13-133",1,7.76,10.58,7.27,"North",144.520004,-13.983679,-5034.2722446021,3588.26024374017,0,"2017"
"702","14-003",4,5.64,8.43,6.07,"North",143.979996,-14.01,-4999.65754439449,3635.1314847151,1,"2017"
"703","14-006",3,5.46,6.93,5,"North",143.855408,-14.064459,-4990.55514881003,3645.1281617158,1,"2017"
"704","14-008",4,5.41,7.2,5.11,"North",143.91124,-14.077957,-4993.80989436511,3640.04842703847,1,"2017"
"707","14-016",4,6.85,10.38,7.31,"North",144.110001,-13.98,-5008.54640525746,3624.250768768,1,"2017"
"708","14-017",4,6.32,9.03,6.03,"North",144.240005,-14.07,-5014.78887532393,3611.45975554527,1,"2017"
"709","14-018",4,6.43,9.42,6.39,"North",144.320007,-14.1,-5019.16723287705,3603.98059846369,1,"2017"
"712","14-022",4,4.76,6.77,4.54,"North",143.998978,-14.127316,-4998.29620555891,3631.6109808173,1,"2017"
"717","14-026e",4,5.45,7.18,5.13,"North",144.216476,-14.161829,-5011.28517813701,3612.06268716074,1,"2017"
"725","14-034",2,8.69,12.27,8.6,"North",144.747757,-14.066161,-5046.68083151101,3566.93763743006,0,"2017"
"726","14-038",4,7.73,11.14,8.06,"North",144.524612,-14.12028,-5031.55743419683,3585.71500836074,1,"2017"
"727","14-039",4,8.58,12.62,9.36,"North",144.653198,-14.180985,-5038.24597700076,3573.45923499055,1,"2017"
"731","14-045",1,9.04,11.67,8.08,"North",144.891937,-14.200335,-5052.66051531624,3552.13164581834,0,"2017"
"732","14-047",2,9.62,12,8.37,"North",144.928314,-14.212231,-5054.64905383984,3548.73647292841,0,"2017"
"733","14-048",4,7.94,12.53,9.28,"North",144.672516,-14.217171,-5038.64528961954,3571.18960276433,1,"2017"
"734","14-049",1,9.96,11.83,8.19,"North",144.958359,-14.226375,-5056.19296745844,3545.86359396889,0,"2017"
"736","14-051",4,7.98,12.35,9.04,"North",144.739685,-14.239144,-5042.33805673348,3564.93356886273,1,"2017"
"738","14-053",4,7.43,11.66,8.43,"North",144.789993,-14.31,-5043.8790171666,3559.38472217061,1,"2017"
"740","14-055",4,7.74,11.7,8.47,"North",144.740219,-14.317655,-5040.61316846134,3563.64361200031,1,"2017"
"741","14-061",4,7.38,11.74,8.54,"North",144.757965,-14.360321,-5040.75707192964,3561.40424741697,1,"2017"
"743","14-063",4,7.99,11.84,8.65,"North",144.949997,-14.42,-5051.31498534088,3543.54259935059,1,"2017"
"744","14-064",4,7.3,11.63,8.46,"North",144.890839,-14.426194,-5047.51323971332,3548.65753612592,1,"2017"
"752","14-073",1,10.34,12.01,8.37,"North",145.002594,-14.233462,-5058.77034808375,3541.84782141894,0,"2017"
"753","14-074",1,10.11,10.98,7.39,"North",145.06778,-14.267671,-5062.02900511006,3535.55394262425,0,"2017"
"754","14-075",1,10.58,11.1,7.53,"North",145.164963,-14.289169,-5067.53467771879,3526.62606086383,0,"2017"
"755","14-077a",1,10.2,10.59,7.34,"North",145.237061,-14.313565,-5071.41788637216,3519.86447191763,0,"2017"
"756","14-078",1,10.41,10.5,7.28,"North",145.277527,-14.343154,-5073.23333671465,3515.81803650025,0,"2017"
"757","14-079",1,10.1,9.41,6.25,"North",145.351288,-14.379768,-5076.92455315133,3508.7098490829,0,"2017"
"759","14-081",4,9.06,10.93,7.86,"North",145.035019,-14.39865,-5057.05186875371,3536.38153860927,1,"2017"
"760","14-082",4,8.82,10.64,7.53,"North",145.100006,-14.42,-5060.57519154063,3530.30536431414,1,"2017"
"763","14-085",2,10.28,9.05,6.02,"North",145.410004,-14.45,-5078.91712149357,3502.40157643041,0,"2017"
"764","14-086",1,10.91,9.13,6.01,"North",145.479996,-14.45,-5083.19183255501,3496.19460600076,0,"2017"
"766","14-088",3,8.96,10.53,7.1,"North",145.22142,-14.453877,-5067.27341593179,3519.03801246688,1,"2017"
"767","14-089",1,10.94,8.89,5.77,"North",145.539993,-14.5,-5085.70423063246,3490.08351485802,0,"2017"
"790","14-116b",3,8.61,8.66,5.42,"North",145.470001,-14.66,-5077.7473784966,3493.75491875371,1,"2017"
"792","14-116d",2,8.63,8.99,5.68,"North",145.449295,-14.68558,-5075.89104627972,3495.18112071954,0,"2017"
"817","14-137",1,11.32,9.04,5.77,"North",145.589996,-14.55,-5087.59774984132,3484.85581627135,0,"2017"
"818","14-138",1,11.49,8.93,5.66,"North",145.619995,-14.6,-5088.26697074381,3481.40152856799,0,"2017"
"819","14-139",1,11.36,9.2,5.9,"North",145.649994,-14.65,-5088.9300931385,3477.9448464179,0,"2017"
"823","14-146",1,11.09,9.73,5.95,"North",145.698135,-14.827201,-5087.70952009698,3470.84279964723,0,"2017"
"828","14-151",1,10.01,9.34,5.51,"North",145.690002,-14.92,-5085.02896401909,3470.07195915038,0,"2017"
"829","14-152",2,10.01,9.34,5.51,"North",145.679993,-14.93,-5084.18617172338,3470.79874053706,0,"2017"
"831","14-153b",1,9.81,8.96,5.15,"North",145.686218,-14.968477,-5083.65163267733,3469.62416702623,0,"2017"
"832","14-154",2,9.81,8.96,5.15,"North",145.699997,-14.99,-5083.97488349355,3468.05291853908,0,"2017"
"833","15-002",4,5.68,8.38,5.25,"Central",145.440002,-15.02,-5067.47411843448,3490.59710736111,1,"2017"
"839","15-012",4,3.46,7.11,4.76,"Central",145.429993,-15.41,-5057.492742951,3485.02454641787,1,"2017"
"840","15-013",4,3.16,7.41,4.93,"Central",145.419998,-15.47,-5055.42231220156,3484.89865759571,1,"2017"
"842","15-017a",3,9.13,8.25,4.63,"Central",145.695938,-15.034048,-5082.68119142811,3467.69807265837,1,"2017"
"843","15-018",3,7.1,7.94,4.83,"Central",145.529999,-15.05,-5072.2372858227,3482.14333451283,1,"2017"
"844","15-019",3,7.74,7.63,4.47,"Central",145.570007,-15.05,-5074.66752990468,3478.60068802288,1,"2017"
"846","15-021a",2,9.59,8.55,5.03,"Central",145.722122,-15.075004,-5083.28796130798,3464.70873789552,0,"2017"
"847","15-022",1,8.13,7.35,4.17,"Central",145.636414,-15.097995,-5077.55019974099,3471.93330550933,0,"2017"
"848","15-024",2,6.77,6.62,3.54,"Central",145.580002,-15.14,-5073.12441017293,3476.2422327105,0,"2017"
"849","15-026",2,8.23,7.76,4.21,"Central",145.742584,-15.204585,-5081.41463386476,3460.77477338389,0,"2017"
"851","15-028",1,5.42,7.24,4.22,"Central",145.559998,-15.21,-5070.23004820178,3476.86093025732,0,"2017"
"855","15-032",2,7.86,7.63,4.15,"Central",145.75,-15.28,-5080.04020772245,3458.87626215329,0,"2017"
"860","15-038",3,7.87,7.3,3.98,"Central",145.781693,-15.36501,-5079.8871917807,3454.66104144588,1,"2017"
"862","15-043",4,3.67,6.99,4.35,"Central",145.508667,-15.427545,-5061.84581823279,3477.7829903892,1,"2017"
"864","15-046",3,7.57,7.49,4.07,"Central",145.799133,-15.433749,-5079.25981395788,3451.97376351038,1,"2017"
"867","15-049",4,3.46,6.92,4.33,"Central",145.502731,-15.485737,-5060.06424077292,3477.33069971998,1,"2017"
"868","15-050",3,8.55,7.59,4.3,"Central",145.803375,-15.489667,-5078.14432538158,3450.66605638079,1,"2017"
"881","15-071a",2,3.3,7.23,4.65,"Central",145.536423,-15.513266,-5061.4337216371,3473.89169763072,0,"2017"
"883","15-075a",3,7.31,7.55,4.34,"Central",145.796204,-15.557189,-5076.05053822238,3450.17203056134,1,"2017"
"886","15-078",4,3.14,7.4,4.82,"Central",145.526993,-15.553443,-5059.87561067654,3474.04750753025,1,"2017"
"887","15-080",3,7.71,7.47,4.39,"Central",145.804153,-15.607147,-5075.29491884278,3448.62911125237,1,"2017"
"888","15-081",4,3.13,7.36,5.69,"Central",145.515076,-15.607281,-5057.82756621124,3474.18945577584,1,"2017"
"891","15-085",4,7.71,7.47,4.39,"Central",145.805099,-15.648169,-5074.33549481298,3447.85472615458,1,"2017"
"892","15-086",4,3.02,8.11,5.52,"Central",145.5,-15.69,-5054.86856341888,3474.11491187169,1,"2017"
"893","15-087",3,6.31,7.45,4.29,"Central",145.798096,-15.719224,-5072.14757163177,3447.27433565055,1,"2017"
"895","15-089",4,2.96,8.6,5.81,"Central",145.580002,-15.78,-5057.47576994163,3465.51936063832,1,"2017"
"896","15-090",4,5.93,6.97,3.83,"Central",145.797073,-15.792133,-5070.26537274273,3446.12744981435,1,"2017"
"898","15-092",4,6.62,7.41,4.27,"Central",145.819443,-15.829705,-5070.66877316084,3443.50810117328,1,"2017"
"899","15-093",4,2.71,8.83,5.86,"Central",145.570007,-15.88,-5054.36929516616,3464.68658371732,1,"2017"
"900","15-094",4,5.12,7.08,3.95,"Central",145.794266,-15.875783,-5067.99762572111,3444.94911994471,1,"2017"
"901","15-095",4,3.28,7.79,4.86,"Central",145.660004,-15.91,-5059.05082430678,3456.2278251502,1,"2017"
"902","15-096",4,6.09,7.54,4.42,"Central",145.820786,-15.94988,-5067.72279578399,3441.33391258279,1,"2017"
"903","15-098",4,3.25,8.4,5.48,"Central",145.670181,-15.974342,-5058.04185289741,3454.22093791839,1,"2017"
"904","15-099a",4,6.06,7.86,4.75,"Central",145.832214,-15.989794,-5067.3987591028,3439.63726488039,1,"2017"
"905","15-099b",4,7.06,7.96,5,"Central",145.850937,-16.017834,-5067.81108963928,3437.49862616588,1,"2017"
"906","15-099c",4,6.89,8.16,5.22,"Central",145.867371,-16.052048,-5067.92700093428,3435.45524285772,1,"2017"
"908","15-099e",4,7.06,7.96,5,"Central",145.858398,-16.030132,-5067.94625400322,3436.62681617589,1,"2017"
"917","16-015",4,3.23,8.78,5.86,"Central",145.650665,-16.045025,-5055.07532911572,3454.72051792376,1,"2017"
"919","16-019",4,5.82,8.58,5.6,"Central",145.839996,-16.110001,-5064.80798928208,3436.87394375279,1,"2017"
"921","16-020a",4,3.25,9.92,6.92,"Central",145.690079,-16.123335,-5055.45795921201,3449.8824672974,1,"2017"
"923","16-023",4,3.13,10.58,7.53,"Central",145.699997,-16.190001,-5054.35102615539,3447.8448909122,1,"2017"
"925","16-025",4,5.82,9.45,6.18,"Central",145.889664,-16.22089,-5064.94310798036,3430.55699166346,1,"2017"
"926","16-026",4,4.42,10.6,7.02,"Central",145.809418,-16.324827,-5057.45466478141,3435.82750774323,1,"2017"
"929","16-029",4,4.14,11.31,7.99,"Central",145.770004,-16.42,-5052.62359439982,3437.62771736309,1,"2017"
"930","16-030",3,6.21,10.45,7.1,"Central",145.99675,-16.428108,-5065.97695734078,3417.46271536904,1,"2017"
"931","16-032",4,4.96,10.34,6.97,"Central",145.99028,-16.465118,-5064.62518290627,3417.383057112,1,"2017"
"934","16-040",4,3.78,10,6.96,"Central",145.862457,-16.546972,-5054.84825781957,3427.22218779429,1,"2017"
"935","16-043a",4,3.76,10.31,7.29,"Central",145.93277,-16.639965,-5056.60411630113,3419.36217121952,1,"2017"
"937","16-044b",4,4.06,10.83,7.41,"Central",145.992844,-16.655203,-5059.78410646083,3413.78700731275,1,"2017"
"938","16-046",4,3.87,10.55,7.5,"Central",145.940002,-16.67,-5056.24268526274,3418.18780053718,1,"2017"
"940","16-049",4,3.67,11.08,7.62,"Central",145.990005,-16.77,-5056.57207399525,3411.98449843443,1,"2017"
"943","16-054a",4,3.15,11.11,9.11,"Central",145.993561,-16.924984,-5052.64335997938,3408.87720501918,1,"2017"
"945","16-057",4,5.29,10.25,6.76,"Central",146.008133,-16.518436,-5064.29434866722,3414.86384965195,1,"2017"
"947","16-060",4,4.62,10.33,6.82,"Central",146.018982,-16.581758,-5063.27771086135,3412.78385029166,1,"2017"
"948","16-063",4,6.02,10.66,8.56,"Central",146.25,-16.690001,-5074.13187730215,3390.42652639864,1,"2017"
"949","16-064",4,4.29,10.79,7.36,"Central",146.050003,-16.700001,-5062.00136385939,3407.93923538139,1,"2017"
"950","16-065",4,5.61,10.2,8.29,"Central",146.274628,-16.728748,-5074.55846195,3387.5573749979,1,"2017"
"951","16-067",4,4.4,10.34,8.46,"Central",146.272614,-16.789604,-5072.81656954013,3386.65234528434,1,"2017"
"952","16-068",4,3.39,10.88,9.03,"Central",146.184692,-16.803022,-5067.2554720215,3394.19279469976,1,"2017"
"953","16-071",4,3.01,10.7,8.87,"Central",146.210007,-16.870001,-5066.96184771837,3390.75388512166,1,"2017"
"955","16-073",4,2.91,10.56,8.88,"Central",146.25,-16.92,-5067.98395804743,3386.31861808499,1,"2017"
"956","16-074",4,2.91,10.56,8.88,"Central",146.210007,-16.940001,-5065.08080041431,3389.49510942016,1,"2017"
"959","17-001a",4,2.71,10.26,8.72,"Central",146.220001,-17.02,-5063.51269632679,3387.16716393405,1,"2017"
"961","17-004",4,2.54,10.23,8.7,"Central",146.179993,-17.07,-5059.7923717898,3389.79498262079,1,"2017"
"963","17-006",4,2.45,9.47,7.99,"Central",146.341904,-17.103992,-5068.4269121254,3374.86757993055,1,"2017"
"964","17-008",4,4.49,8.47,7.11,"Central",146.468582,-17.126312,-5075.26732857388,3363.24984384086,1,"2017"
"966","17-010",4,2.27,9.46,7.98,"Central",146.289993,-17.190001,-5063.0216132428,3377.89341435101,1,"2017"
"967","17-011",4,2.47,9.22,7.77,"Central",146.369995,-17.200001,-5067.45952071956,3370.63858123623,1,"2017"
"971","17-014",4,3.15,7.98,6.86,"Central",146.483734,-17.228571,-5073.35680382064,3360.05329197591,1,"2017"
"972","17-016a",4,2.46,8.34,7.24,"Central",146.441696,-17.287884,-5069.25960909622,3362.69308940922,1,"2017"
"974","17-017",4,2.25,8.57,7.32,"Central",146.360001,-17.299999,-5064.12637127344,3369.69580889354,1,"2017"
"976","17-018a",4,2.26,9.02,7.79,"Central",146.385086,-17.39389,-5063.00890693758,3365.75504832342,1,"2017"
"977","17-021a",4,2.59,8.38,7.45,"Central",146.454803,-17.454021,-5065.43190127318,3358.48556592965,1,"2017"
"978","17-023",4,2.59,8.38,7.45,"Central",146.458908,-17.475199,-5065.0834485211,3357.73214173956,1,"2017"
"979","17-024",4,2.29,9.52,8.29,"Central",146.389999,-17.49,-5060.62971072685,3363.54774988406,1,"2017"
"983","17-034",4,2.3,8.91,7.68,"Central",146.380005,-17.530001,-5058.9285359975,3363.68944887843,1,"2017"
"984","17-035",4,3.53,7.54,6.61,"Central",146.520004,-17.530001,-5067.13241099047,3351.31821382509,1,"2017"
"985","17-037",4,2.32,9.24,8.01,"Central",146.449997,-17.610001,-5060.79585686279,3356.02291889378,1,"2017"
"986","17-042",4,2.46,8.62,7.57,"Central",146.470001,-17.66,-5060.56322608472,3353.32544560653,1,"2017"
"990","17-044",4,2.25,9.96,8.77,"Central",146.389999,-17.719999,-5054.18768910753,3359.26605994408,1,"2017"
"992","17-047",4,1.95,9.12,8.24,"Central",146.440002,-17.77,-5055.70537995529,3353.91714738087,1,"2017"
"994","17-051",4,1.95,8.31,7.45,"Central",146.490005,-17.85,-5056.36188406964,3348.00155415195,1,"2017"
"998","17-057",4,3.94,7.71,6.65,"Central",146.578262,-17.580528,-5069.12298115725,3345.23085130936,1,"2017"
"999","17-059a",4,2.81,8.39,7.35,"Central",146.539993,-17.700001,-5063.52888107258,3346.39621967267,1,"2017"
"1000","17-059b",4,3.15,7.92,7.05,"Central",146.554504,-17.724739,-5063.67793995418,3344.65245722217,1,"2017"
"1002","17-060",4,2.3,8.62,7.73,"Central",146.5,-17.74,-5060.062981284,3349.18262605271,1,"2017"
"1003","17-061",4,2.46,8.16,7.29,"Central",146.508438,-17.750429,-5060.26140264554,3348.24235427054,1,"2017"
"1004","17-062",4,3.51,8.16,7.26,"Central",146.646622,-17.773588,-5067.66565506833,3335.59654513017,1,"2017"
"1005","17-063a",4,2.46,8.16,7.29,"Central",146.520004,-17.790001,-5059.81707101564,3346.47996802658,1,"2017"
"1006","17-064",4,2.12,8.16,7.3,"Central",146.550003,-17.83,-5060.43347888016,3343.08043232219,1,"2017"
"1007","17-065",4,4.31,8.03,7.15,"Central",146.727066,-17.876383,-5069.41854092972,3326.55858301087,1,"2017"
"1008","17-066",4,2.14,8.09,7.37,"Central",146.589996,-17.889999,-5061.05774337754,3338.42073800073,1,"2017"
"1009","17-067",4,1.94,7.95,7.24,"Central",146.600357,-17.969419,-5059.39168715044,3336.00892166661,1,"2017"
"1010","17-068",4,4.35,7.69,6.98,"Central",146.800003,-17.950001,-5071.5423066342,3318.72391243875,1,"2017"
"1011","17-069",4,4.11,7.48,6.77,"Central",146.770004,-18,-5068.36883311863,3320.43860864205,1,"2017"
"1022","18-017",4,3.24,7.13,6.43,"Central",146.789993,-18.040001,-5068.3757198051,3317.91656132238,1,"2017"
"1023","18-018",4,1.86,8.59,7.75,"Central",146.559998,-18.049999,-5054.72887319321,3338.04532555109,1,"2017"
"1024","18-019",4,4.32,7.35,6.8,"Central",146.861328,-18.059341,-5071.94475777788,3311.23945477853,1,"2017"
"1027","18-023",4,5.32,8.11,7.43,"Central",146.970001,-18.139999,-5075.88004356909,3300.0947693722,1,"2017"
"1028","18-024",4,2.04,8.25,7.35,"Central",146.729996,-18.23,-5059.40052581656,3319.61462497585,1,"2017"
"1029","18-025",4,3.24,8,7.09,"Central",146.898071,-18.260969,-5068.21353901285,3304.16999219595,1,"2017"
"1030","18-026",4,2.03,8.4,7.47,"Central",146.740005,-18.32,-5057.35626363823,3317.0096652324,1,"2017"
"1031","18-027",4,2.69,8.14,7.23,"Central",146.830002,-18.35,-5061.68182318539,3308.48763063027,1,"2017"
"1033","18-029",4,2.15,8.25,7.32,"Central",146.710007,-18.41,-5052.98324289135,3317.92641253618,1,"2017"
"1034","18-030",3,3.52,7.64,6.75,"Central",146.990005,-18.43,-5068.54789936684,3292.81070898235,1,"2017"
"1035","18-031",4,3.12,7.19,6.33,"Central",146.990005,-18.469999,-5067.36752875638,3292.04387456274,1,"2017"
"1036","18-032",4,2.5,7.44,6.53,"Central",146.869995,-18.48,-5060.16589009863,3302.45799762912,1,"2017"
"1037","18-033",4,5.89,8.44,7.74,"Central",147.026901,-18.210075,-5077.11581358151,3293.72952741617,1,"2017"
"1038","18-034",3,7.24,7.46,6.43,"Central",147.389999,-18.27,-5096.13008895231,3260.36464433339,1,"2017"
"1040","18-037",4,6.1,8.14,7.23,"Central",147.204742,-18.358568,-5082.96020776708,3275.1489484046,1,"2017"
"1041","18-039",4,5.92,6.66,5.78,"Central",147.449997,-18.41,-5095.4125172516,3252.39090685325,1,"2017"
"1043","18-042",4,5,7.54,6.8,"Central",147.05809,-18.431828,-5072.40325927654,3286.75044631518,1,"2017"
"1044","18-043",4,2.77,6.88,6.19,"Central",147.037659,-18.504829,-5069.07343077649,3287.15992170761,1,"2017"
"1045","18-044",4,4.17,7.21,6.34,"Central",147.101471,-18.49284,-5073.08643996914,3281.74204938741,1,"2017"
"1047","18-048",4,2.69,9.28,8.46,"Central",146.490005,-18.559999,-5035.79672136734,3334.3846101382,1,"2017"
"1048","18-049a",4,2.69,9.28,8.46,"Central",146.490005,-18.6,-5034.61504977248,3333.60218229249,1,"2017"
"1049","18-049b",4,2.53,8.87,8.33,"Central",146.490005,-18.639999,-5033.43098351085,3332.8181688506,1,"2017"
"1050","18-049c",4,2.88,9.28,8.59,"Central",146.490005,-18.66,-5032.83798593191,3332.42552353339,1,"2017"
"1051","18-049d",4,2.53,8.87,8.33,"Central",146.5,-18.639999,-5034.01230258192,3331.94005796045,1,"2017"
"1052","18-049e",4,2.69,9.28,8.46,"Central",146.5,-18.59,-5035.49218032563,3332.91956767135,1,"2017"
"1054","18-052a",4,2.67,9.34,8.5,"Central",146.559998,-18.67,-5036.60819456713,3326.07877935227,1,"2017"
"1056","18-053",4,2.55,9.28,8.44,"Central",146.511597,-18.676702,-5033.59767698953,3330.20064840386,1,"2017"
"1060","18-054d",4,2.91,9.46,8.79,"Central",146.692001,-18.750862,-5041.84721230602,3312.88229011963,1,"2017"
"1061","18-054e",4,2.72,9.37,8.69,"Central",146.639999,-18.74,-5039.16253344391,3317.67037543518,1,"2017"
"1062","18-054f",4,2.67,9.34,8.5,"Central",146.600006,-18.700001,-5038.03724949616,3321.97273750886,1,"2017"
"1063","18-054g",4,2.67,9.34,8.5,"Central",146.580002,-18.68,-5037.47196466435,3324.12401704744,1,"2017"
"1064","18-058",4,2.92,8.79,8.13,"Central",146.550003,-18.77,-5033.05026699396,3324.9902271623,1,"2017"
"1067","18-062",4,2.92,8.79,8.13,"Central",146.529999,-18.780001,-5031.59052014624,3326.5498490682,1,"2017"
"1068","18-064",4,3.47,8.85,8.05,"Central",146.520004,-18.83,-5029.51535689286,3326.43891162364,1,"2017"
"1069","18-065",4,3.47,8.85,8.05,"Central",146.539993,-18.84,-5030.3760667824,3324.48611408863,1,"2017"
"1070","18-066",4,4.6,8.99,8.31,"Central",146.630005,-18.969999,-5031.68129024408,3314.00314037718,1,"2017"
"1072","18-069a",4,3.01,6.59,5.88,"Central",147.144424,-18.52317,-5074.64591937347,3277.35717115493,1,"2017"
"1073","18-069b",4,3.01,6.59,5.88,"Central",147.139847,-18.547338,-5073.66650318289,3277.29901847583,1,"2017"
"1074","18-070",4,5.66,6.49,5.61,"Central",147.444534,-18.499918,-5092.43462338194,3251.17354007622,1,"2017"
"1075","18-071",3,5.09,6.14,5.25,"Central",147.402557,-18.528078,-5089.21366533254,3254.36791799051,1,"2017"
"1077","18-074",2,4.56,5.6,4.85,"Central",147.490005,-18.57,-5092.92420416701,3245.79970871532,0,"2017"
"1078","18-075",4,1.62,5.9,5.53,"Central",147.050003,-18.629999,-5066.06253658906,3283.65722887885,1,"2017"
"1079","18-077",3,3.6,5.55,4.79,"Central",147.425964,-18.625544,-5087.63322144903,3250.42969324689,1,"2017"
"1080","18-078",4,1.75,5.84,5.48,"Central",147.100006,-18.700001,-5066.83472949361,3277.88163606625,1,"2017"
"1082","18-080",3,5.19,6.41,5.52,"Central",147.539993,-18.51,-5097.54402624147,3242.49369146484,1,"2017"
"1083","18-081",4,4.94,6.15,5.24,"Central",147.571487,-18.576353,-5097.34507999838,3238.43297391281,1,"2017"
"1084","18-083",3,4.36,5.33,4.42,"Central",147.554459,-18.608286,-5095.42702397871,3239.34036254491,1,"2017"
"1085","18-084a",4,4.39,5.34,4.41,"Central",147.610001,-18.620001,-5098.21370841624,3234.17664764537,1,"2017"
"1086","18-084b",4,4.36,5.33,4.42,"Central",147.589996,-18.639999,-5096.48445977621,3235.5757700365,1,"2017"
"1088","18-085a",4,3.5,4.99,4.07,"Central",147.565674,-18.657595,-5094.58244884883,3237.40337424266,1,"2017"
"1089","18-086",3,4.1,5.36,4.4,"Central",147.710007,-18.66,-5102.64924702772,3224.51371905025,1,"2017"
"1092","18-091",3,3.02,4.15,3.24,"Central",147.710007,-18.77,-5099.33157333206,3222.41718373515,1,"2017"
"1095","18-096",3,2.3,4.61,3.71,"Central",147.646729,-18.822414,-5094.18325133231,3227.04205615013,1,"2017"
"1098","18-100a",3,2.6,3.79,3.07,"Central",147.744965,-18.91029,-5097.03657324057,3216.61683900944,1,"2017"
"1100","18-101",0,3.69,4.57,4.25,"Central",147.960007,-18.9,-5109.38747554238,3197.66074937767,0,"2017"
"1104","18-106",3,2.1,4.35,3.62,"Central",147.699997,-18.969999,-5092.68893803392,3219.46467622321,1,"2017"
"1105","18-115",1,3.4,5.01,4.86,"Central",148.253067,-18.924042,-5124.93932898141,3171.02931212777,0,"2017"
"1106","18-118",1,3.65,4.87,4.71,"Central",148.080002,-18.950001,-5114.54259316005,3185.99968435416,0,"2017"
"1107","18-119",2,3.49,4.39,4.24,"Central",148.376648,-18.950516,-5130.95348624386,3159.46706438087,0,"2017"
"1108","18-120",2,3.67,4.77,4.62,"Central",148.426773,-18.975679,-5132.94092802496,3154.50099593177,0,"2017"
"1127","19-024",2,3.12,3.62,3.47,"South",148.110001,-19.02,-5114.06007003761,3181.98366220026,0,"2017"
"1129","19-026",2,3.26,4.2,4.05,"South",148.429276,-19.036034,-5131.21661716025,3153.13248945547,0,"2017"
"1131","19-028",1,2.28,3.07,2.92,"South",148.179993,-19.07,-5116.40179019528,3174.77745665679,0,"2017"
"1132","19-029",1,2.45,3.56,3.41,"South",148.080002,-19.07,-5110.85346841593,3183.70161956024,0,"2017"
"1136","19-038a",3,1.51,2.25,2.25,"South",148.298111,-19.194387,-5119.07908557486,3161.84083595434,1,"2017"
"1137","19-038b",3,1.5,2.25,2.25,"South",148.380005,-19.18,-5124.04085386207,3154.79645947516,1,"2017"
"1139","19-038f",3,2.27,3.39,3.24,"South",148.470001,-19.129999,-5130.54484866844,3147.6981268846,1,"2017"
"1140","19-043",3,1.36,2.39,2.39,"South",148.169998,-19.209999,-5111.51133540534,3172.97802227354,1,"2017"
"1142","19-045",2,2.14,3.33,3.19,"South",148.080002,-19.299999,-5103.7199689515,3179.2579519931,0,"2017"
"1145","19-048",2,2.18,3.87,3.72,"South",148.089996,-19.389999,-5101.46036266933,3176.61537804076,0,"2017"
"1146","19-049",2,4.31,5.26,5.1,"South",148.563919,-19.031565,-5138.75046374771,3141.1501444697,0,"2017"
"1147","19-050",1,4.02,4.9,4.74,"South",148.692108,-19.086353,-5144.06569203624,3128.61153063259,0,"2017"
"1148","19-051",2,3.69,4.6,4.44,"South",148.688828,-19.112457,-5143.07514194094,3128.41242762173,0,"2017"
"1150","19-053",2,3.88,4.86,4.71,"South",148.819473,-19.127014,-5149.74153329125,3116.40264535691,0,"2017"
"1151","19-054",3,1.62,1.63,1.63,"South",148.539993,-19.209999,-5131.89453693725,3139.90383985908,1,"2017"
"1153","19-059",2,3.3,4.76,4.6,"South",148.880112,-19.1877,-5151.14113865422,3109.80618063901,0,"2017"
"1154","19-061",2,2.82,4.28,4.13,"South",148.902496,-19.215157,-5151.49584335178,3107.27489588418,0,"2017"
"1155","19-063a",3,1.97,2.08,2.08,"South",148.630005,-19.26,-5135.25709577975,3130.88423959512,1,"2017"
"1157","19-065",3,1.76,2.08,2.08,"South",148.632095,-19.319876,-5133.49333148856,3129.55204405436,1,"2017"
"1158","19-066",3,1.76,2.08,2.08,"South",148.630005,-19.34,-5132.74675074369,3129.35372231765,1,"2017"
"1159","19-067",3,1.59,2.25,2.25,"South",148.639999,-19.360001,-5132.6632718635,3128.07488678432,1,"2017"
"1160","19-071",2,1.3,2.58,2.58,"South",148.660004,-19.43,-5131.54751446319,3124.93824414585,0,"2017"
"1161","19-072a",2,1.76,2.28,2.28,"South",148.779999,-19.4,-5139.02911944661,3114.75911052513,0,"2017"
"1162","19-072b",3,1.29,2.57,2.57,"South",148.721741,-19.456345,-5134.07830330348,3118.90083757435,1,"2017"
"1165","19-072e",2,1.27,2.27,2.27,"South",148.789322,-19.453098,-5137.85635640096,3112.90528068701,0,"2017"
"1167","19-074b",2,1.4,1.5,1.5,"South",148.853149,-19.437841,-5141.80428212444,3107.47194682384,0,"2017"
"1168","19-075",2,1.25,1.95,1.95,"South",148.820007,-19.48,-5138.66986318655,3109.63711423395,0,"2017"
"1169","19-076",3,1.23,1.33,1.33,"South",148.899994,-19.49,-5142.68843025298,3102.26873240491,1,"2017"
"1170","19-081",2,3.1,3.5,3.5,"South",149.243515,-19.310818,-5166.88306429205,3074.76425702635,0,"2017"
"1171","19-082",2,2.14,2.92,2.78,"South",149.051361,-19.333422,-5155.8288837958,3091.64752109061,0,"2017"
"1172","19-091",2,4.22,6.4,6.4,"South",149.416168,-19.341419,-5175.15553262057,3058.60766817602,0,"2017"
"1173","19-096",2,1.28,0.96,0.96,"South",149.169998,-19.469999,-5157.88744268498,3078.37976252939,0,"2017"
"1174","19-097",2,0.95,1.28,1.28,"South",149.048035,-19.494835,-5150.53305546771,3088.8784314349,0,"2017"
"1175","19-098",2,1.12,1.11,1.11,"South",149.12146,-19.502766,-5154.23460880745,3082.124374856,0,"2017"
"1176","19-099",1,3.56,5.35,5.35,"South",149.632263,-19.460173,-5182.86994878917,3036.85001400576,0,"2017"
"1183","19-107",2,0.94,1.13,1.13,"South",148.979996,-19.530001,-5145.7420756221,3094.31946321423,0,"2017"
"1185","19-109a",2,1.09,1.3,1.3,"South",148.940002,-19.540001,-5143.26239544797,3097.71874258268,0,"2017"
"1191","19-114",2,0.95,1.12,1.12,"South",149.043701,-19.53904,-5148.89114429252,3088.42332397276,0,"2017"
"1192","19-116",1,1.3,0.66,0.66,"South",149.274979,-19.545757,-5161.10100713478,3067.48675008785,0,"2017"
"1197","19-122",2,0.98,0.8,0.8,"South",149.247849,-19.578901,-5158.58746133511,3069.29924969784,0,"2017"
"1198","19-123",2,0.98,0.8,0.8,"South",149.237198,-19.58857,-5157.7071406854,3070.07382791141,0,"2017"
"1199","19-127",1,1.42,1.51,1.37,"South",149.373444,-19.699415,-5161.4275098291,3055.6895744934,0,"2017"
"1200","19-128",1,1.35,1.91,1.91,"South",149.190002,-19.690001,-5151.92076181451,3072.37974599725,0,"2017"
"1201","19-129",1,1.48,1.57,1.57,"South",149.309998,-19.75,-5156.40816252886,3060.43424609104,0,"2017"
"1207","19-134",1,1.09,1.24,1.24,"South",149.490005,-19.75,-5165.99771054589,3044.21920496466,0,"2017"
"1208","19-135",1,1.89,2.28,2.28,"South",149.229996,-19.76,-5151.80692805629,3067.43886844887,0,"2017"
"1209","19-136a",1,1.91,2.76,2.76,"South",149.199997,-19.799999,-5148.90731432031,3069.36514203053,0,"2017"
"1212","19-139",1,2.91,3.07,3.07,"South",149.58429,-19.518642,-5178.45484269489,3040.09034809173,0,"2017"
"1213","19-141",0,2.2,1.88,1.88,"South",149.597778,-19.559221,-5177.86878922103,3038.10750482188,0,"2017"
"1214","19-146",1,1.7,1.37,1.37,"South",149.634491,-19.611832,-5178.12242426769,3033.79776955443,0,"2017"
"1215","19-147",0,1.85,1.53,1.53,"South",149.669693,-19.631277,-5179.35868849042,3030.2491500808,0,"2017"
"1216","19-148",0,2.82,2.38,2.38,"South",149.769089,-19.601192,-5185.57807428765,3021.82496294872,0,"2017"
"1217","19-149",0,2.48,1.74,1.74,"South",149.725677,-19.610584,-5182.98436587763,3025.57645133364,0,"2017"
"1218","19-151",1,2.89,3.08,3.08,"South",149.849838,-19.616364,-5189.34211817831,3014.22937543485,0,"2017"
"1219","19-152",0,2.95,3.93,3.93,"South",149.877182,-19.631247,-5190.29931399015,3011.47352920212,0,"2017"
"1222","19-157",1,0.77,0.77,0.77,"South",149.579102,-19.667061,-5173.40727846099,3037.75701832292,0,"2017"
"1223","19-159",0,3.01,2.87,2.87,"South",149.926529,-19.665243,-5191.79111338124,3006.36523185939,0,"2017"
"1224","19-163",2,1.21,0.77,0.77,"South",149.538116,-19.691399,-5170.44737544155,3040.9949695031,0,"2017"
"1225","19-167",1,3.08,3.69,3.69,"South",149.977646,-19.693401,-5193.55828242321,3001.20457650789,0,"2017"
"1226","19-168",1,0.48,0.78,0.78,"South",149.610733,-19.712023,-5173.63049663416,3034.04837441355,0,"2017"
"1227","19-169",1,0.48,0.78,0.78,"South",149.612762,-19.720465,-5173.46475700248,3033.70496796558,0,"2017"
"1230","19-181",1,0.34,0.8,0.8,"South",149.617264,-19.757931,-5172.48931507526,3032.58681523791,0,"2017"
"1231","19-187",1,0.34,0.8,0.8,"South",149.623795,-19.784063,-5171.98698521414,3031.50016705506,0,"2017"
"1232","19-192",1,0.35,1.27,1.27,"South",149.616028,-19.817982,-5170.4738132808,3031.55502442221,0,"2017"
"1234","19-196",1,0.97,1.61,1.61,"South",149.599686,-19.859234,-5168.26626432999,3032.24188078683,0,"2017"
"1236","19-204",1,0.99,2.01,2.01,"South",149.623856,-19.965225,-5166.08200052406,3028.03163912295,0,"2017"
"1237","19-205a",0,0.67,2.01,2.01,"South",149.720001,-20.01,-5169.68625820717,3018.50034922569,0,"2017"
"1238","19-206",1,2.88,2.93,2.93,"South",150.006699,-19.709576,-5194.55429910652,2998.26758390577,0,"2017"
"1239","19-207",1,2.15,2.61,2.61,"South",150.08551,-19.756226,-5197.15547365981,2990.24614596765,0,"2017"
"1240","19-208",1,2.99,3.61,3.61,"South",150.123444,-19.7859,-5198.16629840209,2986.24861184801,0,"2017"
"1241","19-209",1,3.14,5.55,5.55,"South",150.152893,-19.798876,-5199.27672291577,2983.33329706994,0,"2017"
"1242","19-212",1,2.38,3.22,3.22,"South",150.18335,-19.828251,-5199.90125435248,2980.01855948042,0,"2017"
"1243","19-214",0,2.1,2.83,2.83,"South",150.219894,-19.865679,-5200.57452122676,2975.99960480335,0,"2017"
"1244","19-216",0,2.1,2.83,2.83,"South",150.248535,-19.889183,-5201.2900235574,2972.95860228063,0,"2017"
"1245","19-220",1,1.77,2,2,"South",150.271072,-19.911432,-5201.72775241038,2970.49487504561,0,"2017"
"1251","19-228",0,1.33,1.07,1.07,"South",150.239319,-19.9932,-5197.38733624795,2971.83712410063,0,"2017"
"1252","19-246",0,0.34,1.28,1.28,"South",149.667984,-19.811445,-5173.43338039682,3026.98960949233,0,"2017"
"1264","20-014",1,3.3,6.31,6.31,"South",148.889999,-20.07,-5123.46114083026,3091.88921955397,0,"2017"
"1267","20-017",2,3.3,6.31,6.31,"South",148.893097,-20.082491,-5123.22009098865,3091.36586577587,0,"2017"
"1268","20-019",3,3.3,6.31,6.31,"South",148.879044,-20.089512,-5122.23218602076,3092.48377597599,1,"2017"
"1276","20-028e",3,3.22,6.33,6.33,"South",148.897263,-20.115007,-5122.38099923874,3090.35151983982,1,"2017"
"1277","20-028f",3,3.32,6.51,6.51,"South",148.904724,-20.070461,-5124.24052274277,3090.56330407933,1,"2017"
"1279","20-028h",3,3.32,6.51,6.51,"South",148.949997,-20.07,-5126.69604206615,3086.52242821189,1,"2017"
"1282","20-034",3,2.64,6.78,6.64,"South",148.830002,-20.25,-5114.31845532107,3093.68224233583,1,"2017"
"1286","20-042a",3,2.31,6.21,6.07,"South",148.840973,-20.275818,-5114.05992583492,3092.1884553775,1,"2017"
"1294","20-060b",3,2.1,5.81,5.81,"South",148.847092,-20.34325,-5112.16291633668,3090.29592391479,1,"2017"
"1297","20-067a",3,3.22,6.71,6.71,"South",149.029999,-20.17,-5127.72108249236,3077.39273860722,1,"2017"
"1311","20-081",3,2.91,6.69,6.69,"South",149.100006,-20.309999,-5126.85625230851,3068.35943957156,1,"2017"
"1325","20-102a",3,2.7,6.36,6.36,"South",149.080002,-20.43,-5121.80011185181,3067.76262506165,1,"2017"
"1327","20-102c",3,2.41,6.15,6.15,"South",149.073471,-20.474394,-5119.97072540857,3067.45993304887,1,"2017"
"1328","20-102d",3,2.1,6.05,6.05,"South",149.050003,-20.51,-5117.52519394652,3068.84395893142,1,"2017"
"1329","20-103",1,0.34,2.01,2.01,"South",149.830688,-20.014833,-5175.34890480098,3008.41522439678,0,"2017"
"1330","20-104",1,0.85,2.18,2.18,"South",149.688049,-20.031605,-5167.29209792896,3020.96773563828,0,"2017"
"1331","20-105",1,0.64,2.18,2.18,"South",149.811966,-20.064098,-5172.74303712314,3009.16226469459,0,"2017"
"1335","20-112",1,0.49,2.19,2.05,"South",149.940002,-20.129999,-5177.27526417777,2996.33424200474,0,"2017"
"1336","20-115",0,1.11,1.36,1.22,"South",150.243027,-20.026377,-5196.48376425869,2970.87423048358,0,"2017"
"1337","20-119",1,1.74,2.22,2.22,"South",150.416641,-20.086708,-5203.46130269503,2953.97875116396,0,"2017"
"1339","20-125",1,1.51,2.07,2.07,"South",150.427002,-20.121016,-5202.85495672061,2952.39059338661,0,"2017"
"1340","20-126",1,1.39,1.63,1.63,"South",150.38559,-20.150076,-5199.75262982138,2955.60063566926,0,"2017"
"1341","20-127",1,1.1,1.44,1.44,"South",150.319992,-20.105568,-5197.84496980093,2962.3951745111,0,"2017"
"1342","20-128",1,0.48,2.21,2.21,"South",150.009995,-20.120001,-5181.26304475652,2990.1986031911,0,"2017"
"1343","20-129",1,0.49,2.52,2.52,"South",150.080002,-20.190001,-5182.58825964115,2982.52790689002,0,"2017"
"1344","20-130",1,1.39,1.63,1.63,"South",150.367767,-20.176874,-5197.94017445471,2956.71013145563,0,"2017"
"1345","20-131",2,1.51,2.07,2.07,"South",150.444626,-20.141691,-5203.07457361831,2950.3997817097,0,"2017"
"1346","20-132",1,1.53,2.43,2.43,"South",150.470169,-20.194183,-5202.63839724212,2947.08805075022,0,"2017"
"1347","20-134",1,0.52,2.82,2.82,"South",150.100006,-20.299999,-5179.96016915929,2978.60848385757,0,"2017"
"1348","20-135",0,0.66,2.86,2.86,"South",150.130005,-20.34,-5180.17959632339,2975.12668548008,0,"2017"
"1350","20-137",1,0.68,2.86,2.86,"South",150.100006,-20.35,-5178.28602865839,2977.64581060598,0,"2017"
"1351","20-138",1,0.79,3.19,3.19,"South",150.199997,-20.35,-5183.47464506939,2968.60428011899,0,"2017"
"1355","20-146",1,0.8,3.77,3.77,"South",150.289993,-20.469999,-5184.08953471275,2958.1525884294,0,"2017"
"1356","20-167",1,1.48,3.22,3.22,"South",150.5103,-20.257412,-5202.58554876663,2942.24676543796,0,"2017"
"1357","20-172",1,1.52,3.14,3.14,"South",150.560745,-20.28237,-5204.33667426491,2937.19255364569,0,"2017"
"1358","20-179",1,1.5,3.62,3.62,"South",150.611816,-20.303387,-5206.24648387172,2932.15472793954,0,"2017"
"1359","20-182",1,1.48,3.15,3.15,"South",150.578293,-20.33308,-5203.53142377842,2934.63714845254,0,"2017"
"1360","20-185a",1,1.16,3.28,3.28,"South",150.584427,-20.354097,-5203.1378623815,2933.68102215694,0,"2017"
"1361","20-185c",1,1.36,3.98,3.98,"South",150.653793,-20.350132,-5206.81941241964,2927.45476402219,0,"2017"
"1362","20-186",1,1.72,4.78,4.78,"South",150.709579,-20.347271,-5209.76373908984,2922.43788194142,0,"2017"
"1363","20-187",1,1.69,4.77,4.63,"South",150.75766,-20.375526,-5211.2604792554,2917.53095129584,0,"2017"
"1364","20-194a",1,1.19,3.99,3.99,"South",150.685272,-20.416149,-5206.19765803003,2923.34182697532,0,"2017"
"1365","20-194b",1,1.35,4.45,4.45,"South",150.722229,-20.406752,-5208.4000597973,2920.16132709564,0,"2017"
"1366","20-197",1,1.35,4.45,4.45,"South",150.726196,-20.446737,-5207.2486581428,2919.04192880349,0,"2017"
"1367","20-209",3,1.5,5.41,5.41,"South",148.877258,-20.598871,-5105.27933532966,3082.46585382566,1,"2017"
"1378","20-252",4,2.45,6.26,6.26,"South",149.13887,-20.674105,-5116.76966271999,3057.61075345866,1,"2017"
"1380","20-255",4,2.59,6.24,6.24,"South",149.210007,-20.700001,-5119.688125533,3050.73483639616,1,"2017"
"1383","20-262a",3,2.47,6.47,6.47,"South",149.469818,-20.742073,-5132.04342250445,3026.6471875244,1,"2017"
"1385","20-263",3,2.29,6.34,6.34,"South",149.429993,-20.77,-5128.99088896987,3029.65391906931,1,"2017"
"1388","20-269",4,2.28,6.2,6.2,"South",149.389999,-20.780001,-5126.53537756608,3033.03250571077,1,"2017"
"1399","20-289",4,2.5,6.32,6.32,"South",149.610001,-20.77,-5138.48392204138,3013.52507727913,1,"2017"
"1402","20-292",3,1.83,5.11,5.11,"South",149.779999,-20.99,-5139.86853801372,2993.8774366793,1,"2017"
"1404","20-294",1,2.03,3.57,3.57,"South",150.050003,-20.57,-5168.2762353136,2977.89477957143,0,"2017"
"1405","20-295",0,1.52,4.07,3.92,"South",150.130005,-20.57,-5172.42922524375,2970.67542362851,0,"2017"
"1406","20-296",0,0.83,3.91,3.77,"South",150.240005,-20.52,-5179.81679701951,2961.70809385918,0,"2017"
"1408","20-298",1,0.8,3.71,3.56,"South",150.380005,-20.6,-5184.32235851506,2947.49854971355,0,"2017"
"1409","20-299a",1,0.65,3.34,3.18,"South",150.434402,-20.603256,-5187.00759029931,2942.51233261865,0,"2017"
"1410","20-299c",1,0.95,3.19,3.04,"South",150.460007,-20.65,-5186.72904142726,2939.29125612908,0,"2017"
"1412","20-301a",0,1.12,3.81,3.65,"South",150.229996,-20.68,-5173.8657761245,2959.50485763247,0,"2017"
"1413","20-301b",0,0.95,3.78,3.62,"South",150.289993,-20.66,-5177.64378047715,2954.47450292398,0,"2017"
"1414","20-302",1,1.47,3.84,3.69,"South",150.179993,-20.700001,-5170.59926973473,2963.62830607068,0,"2017"
"1415","20-304",0,0.8,3.5,3.34,"South",150.470001,-20.719999,-5184.84943120787,2937.031388937,0,"2017"
"1416","20-305",1,0.8,3.49,3.33,"South",150.484879,-20.781237,-5183.51244212046,2934.49638315411,0,"2017"
"1417","20-306",1,0.8,3.49,3.33,"South",150.452194,-20.798933,-5181.22999020122,2937.10846724396,0,"2017"
"1418","20-307",1,0.79,3.79,3.62,"South",150.381042,-20.820858,-5176.82563628206,2943.11237710189,0,"2017"
"1419","20-308",1,0.8,3.79,3.48,"South",150.379807,-20.857193,-5175.51272259085,2942.51357920061,0,"2017"
"1421","20-310",1,1.8,4,4,"South",150.080002,-20.959999,-5156.5090610377,2967.5195879329,0,"2017"
"1426","20-322",1,1.16,3.63,3.63,"South",150.745865,-20.574203,-5203.91768569147,2914.82730485665,0,"2017"
"1427","20-324",1,1.17,3.63,3.63,"South",150.766754,-20.596226,-5204.22867826539,2912.50936712139,0,"2017"
"1428","20-326",1,0.9,3.42,3.42,"South",150.802521,-20.626991,-5204.99454567305,2908.67258259613,0,"2017"
"1429","20-327",2,1.23,3.43,3.29,"South",150.853378,-20.618433,-5207.8670244984,2904.21461138106,0,"2017"
"1430","20-335",1,0.92,2.94,2.94,"South",150.87616,-20.666206,-5207.38545898462,2901.2321861606,0,"2017"
"1433","20-339a",1,0.9,3.07,3.07,"South",150.883972,-20.725861,-5205.73292577316,2899.38147501803,0,"2017"
"1434","20-339b",0,1.39,3.09,3.09,"South",150.937836,-20.706667,-5209.11626784174,2894.85300085767,0,"2017"
"1436","20-342",0,1.42,3.08,3.08,"South",150.9561,-20.766666,-5207.97361129547,2892.04554502531,0,"2017"
"1437","20-348",1,0.88,2.46,2.46,"South",150.953171,-20.887068,-5203.6643959857,2890.00064589053,0,"2017"
"1439","20-351a",1,0.84,4.24,4.24,"South",150.539993,-20.940001,-5180.85921145003,2926.41713418809,0,"2017"
"1440","20-351b",2,0.84,4.38,4.38,"South",150.529999,-20.98,-5178.96352932554,2926.53805253194,0,"2017"
"1441","20-351c",2,0.85,4.49,4.49,"South",150.52272,-21.012066,-5177.47951364606,2926.5673188585,0,"2017"
"1443","20-353",1,0.49,2.92,2.92,"South",150.917953,-20.964542,-5199.19810714859,2891.70311220063,0,"2017"
"1445","20-369a",1,1.84,3.41,3.41,"South",151.015762,-20.747362,-5211.64772372411,2886.98955185477,0,"2017"
"1448","20-370a",0,1.64,3.05,3.05,"South",151.070129,-20.8064,-5212.34668262889,2880.91652412747,0,"2017"
"1449","20-370b",0,1.43,2.73,2.73,"South",151.057816,-20.881918,-5209.11265753514,2880.59064952299,0,"2017"
"1452","20-377",1,2.1,4.27,4.1,"South",151.232269,-20.843342,-5219.19831900346,2865.45189524633,0,"2017"
"1453","20-378a",1,2.01,3.16,3,"South",151.25,-20.870001,-5219.15952665453,2863.32896672422,0,"2017"
"1455","20-380",1,0.88,2.46,2.46,"South",151.042816,-20.91515,-5207.20499324284,2881.31610777747,0,"2017"
"1456","20-382",0,2.2,3.48,3.48,"South",151.300003,-20.860001,-5222.00379954049,2858.96321539322,0,"2017"
"1457","20-383",1,1.79,2.99,2.99,"South",151.210846,-20.931446,-5215.06543228921,2865.72105033073,0,"2017"
"1458","20-385",0,1.86,3.44,3.44,"South",151.320007,-20.940001,-5220.21758287189,2855.61688600053,0,"2017"
"1459","20-386",0,1.51,2.82,2.82,"South",151.183517,-20.960249,-5212.69478858248,2867.65634602047,0,"2017"
"1461","20-388a",0,1.8,3.26,3.26,"South",151.360001,-20.959999,-5221.51180572312,2851.59125121806,0,"2017"
"1462","20-389",2,1.8,3.26,3.26,"South",151.399994,-20.969999,-5223.15166349733,2847.75544294338,0,"2017"
"1463","20-391",0,2.28,4.24,4.24,"South",151.477692,-20.99131,-5226.26316974629,2840.26463970244,0,"2017"
"1465","20-469",1,1.18,4,4,"South",150.650406,-20.499945,-5201.57904781098,2924.9131494447,0,"2017"
"1466","20-470",2,1.18,4,4,"South",150.677139,-20.470959,-5203.92664537598,2923.03829302775,0,"2017"
"1467","20-474",1,1.18,4,4,"South",150.693161,-20.468834,-5204.81588822977,2921.62341832989,0,"2017"
"1469","20-590",2,1.52,2.16,2.16,"South",150.371338,-20.099905,-5200.68578371855,2957.84289949783,0,"2017"
"1470","20-591",1,1.31,1.76,1.76,"South",150.372803,-20.110189,-5200.41972307182,2957.51560128152,0,"2017"
"1472","20-595",1,1.52,2.16,2.16,"South",150.386795,-20.074282,-5202.33426745683,2956.92330926393,0,"2017"
"1474","20-605",2,1.46,2.56,2.56,"South",150.48877,-20.233446,-5202.2820995404,2944.65578413708,0,"2017"
"1475","21-025",2,1.99,4.87,4.87,"South",149.899994,-21.02,-5145.09287258337,2982.50673894398,0,"2017"
"1477","21-027",2,2.18,5.16,5.16,"South",149.935547,-21.102627,-5144.08503289114,2977.65945472359,0,"2017"
"1490","21-054",3,1.47,4.86,4.4,"South",150.259995,-21.07,-5161.99734245585,2949.13001824026,1,"2017"
"1492","21-056b",1,1.01,4.3,3.96,"South",150.449997,-21.08,-5171.40089411089,2931.79862536165,0,"2017"
"1493","21-057",0,1,4,3.65,"South",150.479996,-21.129999,-5171.19319643187,2928.10418203344,0,"2017"
"1496","21-060",2,0.84,4.38,4.23,"South",150.591553,-21.012892,-5180.96295481971,2920.32900728294,0,"2017"
"1497","21-061",1,0.82,4.51,4.51,"South",150.692337,-21.05477,-5184.634408616,2910.39299028685,0,"2017"
"1498","21-062",0,0.47,3.23,3.23,"South",150.865112,-21.031219,-5194.20843046871,2895.20336154344,0,"2017"
"1499","21-063",1,0.33,3.04,2.9,"South",150.919998,-21.030001,-5197.0219584308,2890.24990920505,0,"2017"
"1500","21-064",1,0.77,3.83,3.83,"South",150.777985,-21.057133,-5188.8967971675,2902.59345808259,0,"2017"
"1501","21-065",1,0.62,3.53,3.53,"South",150.830322,-21.072184,-5191.02077442621,2897.55925245222,0,"2017"
"1502","21-068",1,0.62,3.36,3.36,"South",150.830658,-21.128893,-5189.05554838727,2896.4223779294,0,"2017"
"1503","21-070",1,0.78,3.82,3.82,"South",150.788956,-21.135815,-5186.70384749807,2900.06297432716,0,"2017"
"1504","21-071",1,0.78,3.82,3.82,"South",150.763321,-21.136267,-5185.3899820044,2902.37444228972,0,"2017"
"1505","21-072",1,0.81,4.16,4,"South",150.662231,-21.165661,-5179.23300692624,2910.9409499935,0,"2017"
"1507","21-074",1,0.76,3.22,3.22,"South",150.84549,-21.156635,-5188.83347164704,2894.53695628543,0,"2017"
"1508","21-075",1,0.47,3.5,2.79,"South",150.929489,-21.162907,-5192.85142482927,2886.80439214262,0,"2017"
"1511","21-081",1,0.61,3.08,3.08,"South",150.882858,-21.224419,-5188.33998400151,2889.82648447231,0,"2017"
"1512","21-082",1,0.61,3.08,3.08,"South",150.896591,-21.245712,-5188.28319903564,2888.16572244794,0,"2017"
"1515","21-086",1,0.61,3.34,3.19,"South",150.784988,-21.331713,-5179.61736031289,2896.57155328583,0,"2017"
"1516","21-087",0,0.46,3.2,3.2,"South",150.974792,-21.384424,-5187.3178833667,2878.36144267457,0,"2017"
"1518","21-091",1,2.21,4.57,4.57,"South",151.559998,-21.040001,-5228.63051857327,2831.82943897879,0,"2017"
"1519","21-092",1,0.86,2.39,2.39,"South",151.162888,-21.012623,-5209.83486428631,2868.52695878746,0,"2017"
"1520","21-093",0,0.83,2.41,2.41,"South",151.10321,-21.029663,-5206.24919606218,2873.62340766089,0,"2017"
"1521","21-094",1,0.86,2.39,2.39,"South",151.151535,-21.034815,-5208.49095917945,2869.13207583896,0,"2017"
"1523","21-100",1,0.5,2.3,2.3,"South",151.071121,-21.070715,-5203.20396883111,2875.74564829618,0,"2017"
"1524","21-101",0,2.06,4.49,4.21,"South",151.519241,-21.029888,-5226.96957312469,2835.740552828,0,"2017"
"1525","21-109",1,0.34,2.76,2.76,"South",151.080002,-21.129999,-5201.57243243475,2873.79146873948,0,"2017"
"1526","21-115",1,0.33,2.78,2.78,"South",151.039993,-21.17,-5198.1602489534,2876.64589905374,0,"2017"
"1527","21-116",1,0.46,2.95,2.95,"South",151.009995,-21.209999,-5195.24719406732,2878.58790561409,0,"2017"
"1530","21-128",1,0.33,4.14,4.14,"South",151.169998,-21.32,-5199.37929042117,2861.92938763483,0,"2017"
"1531","21-129",0,0.45,2.78,2.78,"South",151.096512,-21.353809,-5194.50691122732,2867.93447875512,0,"2017"
"1533","21-131",1,0.48,3.68,3.68,"South",151.369995,-21.370001,-5207.56120266128,2842.79334823111,0,"2017"
"1534","21-132",1,0.34,4.16,3.74,"South",151.330002,-21.4,-5204.50844147545,2845.84403616677,0,"2017"
"1535","21-133",1,0.34,3.85,3.85,"South",151.25,-21.379999,-5201.24085976391,2853.49844943672,0,"2017"
"1536","21-134",1,0.34,3.89,3.89,"South",151.279999,-21.389999,-5202.37861135399,2850.57995348095,0,"2017"
"1537","21-135",1,0.48,3.48,3.48,"South",151.480148,-21.354092,-5213.58312007401,2833.08406070863,0,"2017"
"1538","21-136",0,0.48,3.51,3.51,"South",151.419998,-21.389999,-5209.32830530536,2837.8597383601,0,"2017"
"1541","21-139",0,0.64,3.91,3.62,"South",151.469147,-21.473095,-5208.79459297657,2831.77751698869,0,"2017"
"1542","21-143",1,2.21,4.57,4.57,"South",151.568832,-21.041965,-5228.99812287752,2830.98591202353,0,"2017"
"1543","21-144",1,2.21,4.57,4.57,"South",151.580002,-21.049999,-5229.26778348809,2829.81376268047,0,"2017"
"1544","21-145a",1,1.82,4.41,4.41,"South",151.620865,-21.073538,-5230.45707058556,2825.63647533435,0,"2017"
"1545","21-146",1,1.82,4.41,4.41,"South",151.649994,-21.08,-5231.66553045809,2822.85425849441,0,"2017"
"1546","21-147",0,2.26,4.95,4.95,"South",151.669998,-21.07,-5233.00272627078,2821.21727182604,0,"2017"
"1547","21-148",0,2.26,4.95,4.95,"South",151.690002,-21.09,-5233.28319180394,2819.01073922662,0,"2017"
"1548","21-149",0,2.31,5.69,5.69,"South",151.720001,-21.1,-5234.40601579955,2816.08069290921,0,"2017"
"1549","21-150",1,1.87,4.92,4.92,"South",151.740005,-21.110001,-5235.03619003507,2814.06341115588,0,"2017"
"1550","21-151",0,1.77,5.22,5.22,"South",151.759995,-21.120001,-5235.66478240961,2812.04724525071,0,"2017"
"1551","21-152",0,1.77,5.22,5.22,"South",151.770004,-21.120001,-5236.15593906663,2811.13258404217,0,"2017"
"1553","21-157",0,1.77,5.22,5.22,"South",151.759995,-21.15,-5234.60518703655,2811.4781423051,0,"2017"
"1554","21-158",0,0.95,4.46,4.46,"South",151.779999,-21.16,-5235.23285984551,2809.46062848046,0,"2017"
"1555","21-159",0,0.95,4.46,4.46,"South",151.800003,-21.17,-5235.85960249728,2807.44293357478,0,"2017"
"1556","21-161",0,1.54,5.03,5.03,"South",151.820007,-21.190001,-5236.13117309019,2805.2352744797,0,"2017"
"1557","21-165",1,1.54,5.03,5.03,"South",151.830002,-21.200001,-5236.26605549714,2804.13202321608,0,"2017"
"1560","21-172",0,0.61,4,4,"South",151.850006,-21.24,-5235.8253380028,2801.54419260296,0,"2017"
"1561","21-180",0,0,3.11,3.11,"South",151.830688,-21.342113,-5231.24592592463,2801.36304168477,0,"2017"
"1562","21-181",0,0,2.68,2.68,"South",151.857895,-21.371225,-5231.53606766609,2798.32263611408,0,"2017"
"1563","21-185",1,0,3,3,"South",151.901764,-21.39901,-5232.68330988238,2793.78565455697,0,"2017"
"1595","21-236",0,0,3.77,3.77,"South",152.396667,-21.21899,-5263.06591302111,2751.85421704771,0,"2017"
"1596","21-237",1,0,3.43,3.43,"South",152.472336,-21.240034,-5265.94422913321,2744.50941745634,0,"2017"
"1597","21-238",0,0,3.43,3.43,"South",152.5,-21.23,-5267.62719179607,2742.15315063946,0,"2017"
"1599","21-240",1,0,3.85,3.85,"South",152.312531,-21.2798,-5256.84923685058,2758.4411053184,0,"2017"
"1600","21-241",1,0,3.85,3.85,"South",152.330704,-21.282572,-5257.62481299284,2756.72165658964,0,"2017"
"1601","21-242a",0,0,3.98,3.98,"South",152.231155,-21.303316,-5252.08603647464,2765.46214026488,0,"2017"
"1603","21-247",1,0,4.3,4.3,"South",152.162994,-21.331776,-5247.77511353823,2771.17102945571,0,"2017"
"1606","21-257",3,0,3.82,3.82,"South",152.142258,-21.360367,-5245.74874067954,2772.52933452157,1,"2017"
"1607","21-258",0,0,3.23,3.23,"South",152.01709,-21.377436,-5239.068659283,2783.65804810785,0,"2017"
"1608","21-263",0,0,2.33,2.33,"South",152.490005,-21.42,-5260.33446408156,2739.5232173223,0,"2017"
"1611","21-289a",0,0.14,4.3,4.02,"South",152.595123,-21.185959,-5273.74522816104,2734.21941622201,0,"2017"
"1612","21-290",0,0,3.72,3.44,"South",152.520004,-21.200001,-5269.65515814903,2740.87086922583,0,"2017"
"1613","21-294",1,0,3.04,3.04,"South",152.605255,-21.289955,-5270.50950512353,2731.35938938841,0,"2017"
"1614","21-295",1,0,2.81,2.81,"South",152.580597,-21.318956,-5268.29352900025,2733.0878326273,0,"2017"
"1615","21-296",1,0,2.81,2.81,"South",152.55336,-21.338657,-5266.28659393366,2735.22468549227,0,"2017"
"1618","21-299",1,0,2.33,2.33,"South",152.529999,-21.379999,-5263.68539962633,2736.59933055171,0,"2017"
"1620","21-300a",1,0,2.33,2.33,"South",152.510361,-21.397877,-5262.10398659478,2738.06863615277,0,"2017"
"1621","21-303",0,0,1.95,1.95,"South",152.520004,-21.469999,-5259.96479910119,2735.83068689331,0,"2017"
"1622","21-304",1,0,1.95,1.95,"South",152.510117,-21.473776,-5259.35624888716,2736.66734763335,0,"2017"
"1624","21-306",0,0,1.95,1.95,"South",152.509491,-21.494862,-5258.56458674637,2736.3284222893,0,"2017"
"1650","21-436",0,0.46,2.51,2.51,"South",151.600983,-21.49708,-5214.43737651453,2819.32015633893,0,"2017"
"1651","21-438",0,0.16,2.81,2.67,"South",151.813477,-21.515192,-5224.20679384567,2799.61318269417,0,"2017"
"1653","21-440",0,0.65,3.83,3.55,"South",151.541763,-21.522499,-5210.60946372734,2824.2143680637,0,"2017"
"1656","21-443",0,0.32,2.65,2.65,"South",151.707123,-21.568304,-5217.09165191909,2808.27785647053,0,"2017"
"1660","21-453",0,0.51,2.48,2.48,"South",151.692413,-21.654594,-5213.25915530554,2807.94137740995,0,"2017"
"1661","21-460",0,0.52,2.77,2.77,"South",151.742172,-21.711464,-5213.63779791901,2802.30667020419,0,"2017"
"1663","21-465",0,0.53,2.98,2.98,"South",151.88205,-21.80439,-5217.08540413328,2787.76495636258,0,"2017"
"1664","21-466",0,0.52,3.94,3.94,"South",151.986938,-21.837854,-5220.95896112068,2777.56005545832,0,"2017"
"1665","21-467",0,0.53,3.29,3.29,"South",151.9263,-21.886705,-5216.23170024932,2782.13209303905,0,"2017"
"1666","21-470",0,0,2.08,2.08,"South",152.494797,-21.511597,-5257.25765686952,2737.3619230006,0,"2017"
"1667","21-474",0,0,2.08,2.08,"South",152.474579,-21.534613,-5255.45874357199,2738.78296408891,0,"2017"
"1668","21-479",0,0,1.5,1.5,"South",152.456741,-21.561388,-5253.63626797434,2739.9133760768,0,"2017"
"1675","21-494",0,0.15,2.9,2.9,"South",152.308441,-21.635336,-5243.84683457727,2752.09573188084,0,"2017"
"1677","21-496",0,0,1.63,1.63,"South",152.476791,-21.648161,-5251.44414928562,2736.4330386493,0,"2017"
"1682","21-502",0,0.15,1.62,1.62,"South",152.498032,-21.675135,-5251.4762238537,2733.97475179486,0,"2017"
"1690","21-526",1,0.33,2.74,2.74,"South",152.312195,-21.831608,-5236.87115500725,2747.99711766297,0,"2017"
"1692","21-529",1,0.35,3.67,3.67,"South",152.172958,-21.866928,-5228.88504605931,2760.03303960993,0,"2017"
"1693","21-530",0,0.33,1.45,1.45,"South",152.439835,-21.855536,-5242.10234295745,2735.8658927189,0,"2017"
"1694","21-531",0,0.33,1.45,1.45,"South",152.408585,-21.862854,-5240.34086449441,2738.58428367991,0,"2017"
"1695","21-532",1,0.33,2.08,2.08,"South",152.354095,-21.862774,-5237.73695388914,2743.56830242085,0,"2017"
"1696","21-538",0,0.33,1.45,1.45,"South",152.445251,-21.883566,-5241.331635739,2734.8332912747,0,"2017"
"1697","21-540",0,0.34,1.26,1.26,"South",152.477722,-21.905783,-5242.06372577873,2731.43676313582,0,"2017"
"1698","21-544",0,0.36,3.78,3.78,"South",152.108734,-21.921701,-5223.78069062525,2764.83005179561,0,"2017"
"1699","21-546",1,0.34,1.26,1.26,"South",152.490921,-21.932003,-5241.72751882472,2729.72640059743,0,"2017"
"1702","21-551",0,0.52,3.45,3.45,"South",152.055649,-21.960606,-5219.78884158455,2768.91125215437,0,"2017"
"1703","21-552",0,0.35,1.25,1.11,"South",152.46666,-21.962839,-5239.4347976031,2731.35327452926,0,"2017"
"1704","21-556",1,0.35,1.25,1.11,"South",152.478394,-21.982168,-5239.28088372724,2729.9085988614,0,"2017"
"1705","21-557",1,0.35,1.25,1.11,"South",152.46405,-21.982262,-5238.59381755783,2731.21835864551,0,"2017"
"1708","21-560",0,0.14,1.58,1.58,"South",152.539993,-21.67,-5253.66417107036,2730.22529697787,0,"2017"
"1709","21-562",0,0.16,1.4,1.4,"South",152.558945,-21.724174,-5252.59052277476,2727.46107585102,0,"2017"
"1710","21-565",1,0.17,1.09,1.09,"South",152.589996,-21.790001,-5251.65928950641,2723.36504801153,0,"2017"
"1711","21-566",0,0.18,1.37,1.23,"South",152.630005,-21.83,-5252.09223725698,2718.93752166191,0,"2017"
"1712","21-570",0,0.18,1.37,1.23,"South",152.639999,-21.85,-5251.83163862704,2717.64114502781,0,"2017"
"1713","21-575",0,0.34,1.37,1.22,"South",152.660004,-21.9,-5250.94011432273,2714.85592418672,0,"2017"
"1714","21-579",0,0.36,1.21,1.07,"South",152.669998,-21.91,-5251.04505334873,2713.74951461996,0,"2017"
"1715","21-582",0,0.36,1.21,1.07,"South",152.679993,-21.940001,-5250.41169331033,2712.26176069133,0,"2017"
"1716","21-586",0,0.52,1.08,1.08,"South",152.699997,-21.969999,-5250.25011022427,2709.8564993511,0,"2017"
"1717","21-591",2,1.14,4.29,4.13,"South",150.372421,-21.022751,-5169.41429288351,2939.92820561192,0,"2017"
"1718","21-595",1,2.06,4.49,4.21,"South",151.506836,-21.035749,-5226.14991972441,2836.76058386331,0,"2017"
"1744","22-084",0,0.35,1.25,1.11,"South",152.464966,-21.999735,-5237.99234805594,2730.79827103912,0,"2017"
"1745","22-086",0,0.36,0.99,0.99,"South",152.449753,-22.014599,-5236.7179781901,2731.90248848905,0,"2017"
"1746","22-090",1,0.36,0.99,0.99,"South",152.428741,-22.040106,-5234.77282838916,2733.33040862371,0,"2017"
"1747","22-092",0,0.36,0.83,0.83,"South",152.477371,-22.077322,-5235.71261168678,2728.16822615121,0,"2017"
"1748","22-093",0,0.36,0.81,0.81,"South",152.487488,-22.100828,-5235.32251811465,2726.7896477423,0,"2017"
"1752","22-103",0,0.69,1.26,1.26,"South",152.729996,-22.01,-5250.18783270733,2706.34409111971,0,"2017"
"1754","22-106",0,0.71,1.26,1.26,"South",152.740005,-22.059999,-5248.80635687086,2704.47152645584,0,"2017"
"1756","22-115",1,0.37,0.8,0.8,"South",152.530182,-22.106079,-5237.15800078076,2722.7864405325,0,"2017"
"1757","22-116",0,0.71,1.26,1.26,"South",152.740005,-22.1,-5247.32007840976,2703.70571466834,0,"2017"
"1758","22-121",0,0.71,1.09,1.09,"South",152.740005,-22.120001,-5246.57596142093,2703.32230498015,0,"2017"
"1759","22-122",0,0.37,0.8,0.8,"South",152.53273,-22.1453,-5235.82165081075,2721.79590416121,0,"2017"
"1760","22-123",1,0.53,0.78,0.78,"South",152.597595,-22.149773,-5238.73319350277,2715.78034900875,0,"2017"
"1761","22-124",0,0.86,1.24,1.24,"South",152.759995,-22.15,-5246.40132592521,2700.91636134884,0,"2017"
"1762","22-125",0,0.53,0.93,0.93,"South",152.551605,-22.156,-5236.31991036752,2719.86413286004,0,"2017"
"1764","22-129",0,0.55,0.78,0.78,"South",152.626907,-22.184721,-5238.81980261195,2712.42575006902,0,"2017"
"1765","22-131",0,0.72,1.08,1.08,"South",152.759995,-22.190001,-5244.9090258182,2700.14810563894,0,"2017"
"1766","22-133",0,0.72,1.07,1.07,"South",152.75,-22.209999,-5243.69096866435,2700.67831253881,0,"2017"
"1767","22-134",0,0.54,0.79,0.79,"South",152.618668,-22.222845,-5237.00718751998,2712.44227551411,0,"2017"
"1768","22-139",1,0.53,0.79,0.79,"South",152.604691,-22.264385,-5234.79292093621,2712.91519537618,0,"2017"
"1769","22-140",0,0.56,0.63,0.63,"South",152.729996,-22.27,-5240.50321040512,2701.35190394899,0,"2017"
"1770","22-141",0,0.53,0.64,0.64,"South",152.662796,-22.307856,-5235.91306896251,2706.76325970089,0,"2017"
"1771","22-142",0,0.56,0.63,0.63,"South",152.729996,-22.299999,-5239.37884357899,2700.77232020588,0,"2017"
"1772","22-143",0,0.55,0.92,0.78,"South",152.720001,-22.33,-5237.78184887355,2701.1057067652,0,"2017"
"1773","22-144",0,0.53,0.64,0.64,"South",152.680252,-22.331985,-5235.83218359851,2704.70028225253,0,"2017"
"1774","22-145",0,0.55,0.92,0.78,"South",152.729996,-22.35,-5237.50160699824,2699.80465042152,0,"2017"
"1776","22-147a",0,0.51,0.78,0.78,"South",152.690002,-22.360001,-5235.23997397266,2703.26585123265,0,"2017"
"1777","22-147b",0,0.53,0.78,0.78,"South",152.720001,-22.360001,-5236.6546358294,2700.52440695659,0,"2017"
"1809","23-045a",0,0,3.21,3.07,"South",151.908585,-23.184168,-5166.59325318479,2757.70910416393,0,"2017"
"1810","23-046",1,0,2.51,2.51,"South",151.785416,-23.245914,-5158.2682264048,2767.52985468826,0,"2017"
"1811","23-048",0,0,3.09,3.09,"South",151.93248,-23.269573,-5164.43815326002,2753.79199335574,0,"2017"
"1812","23-049",0,0,2.19,2.19,"South",151.774338,-23.296188,-5155.78706497432,2767.48259930839,0,"2017"
"1813","23-050",1,0,2.62,2.62,"South",151.889832,-23.290863,-5161.56166824518,2757.19452544789,0,"2017"
"1814","23-051",0,0,2.84,2.84,"South",151.965042,-23.331713,-5163.58989035364,2749.57191589213,0,"2017"
"1816","23-052a",1,0,2.33,2.33,"South",151.97113,-23.446152,-5159.42303584511,2746.64947378965,0,"2017"
"1817","23-053",1,0,1.96,1.96,"South",151.880005,-23.469999,-5154.11718251254,2754.35419364926,0,"2017"
"1818","23-054",1,0,2.69,2.69,"South",152.029999,-23.440001,-5162.48270007596,2741.47455490959,0,"2017"
"1820","23-055a",1,0,2.99,2.99,"South",152.061142,-23.495667,-5161.79437781373,2737.51317846038,0,"2017"
"1830","23-068",2,0,1.72,1.72,"South",151.770004,-23.5,-5147.64837420722,2763.61556919274,0,"2017"
"1831","23-069",1,0,2.06,2.06,"South",151.740005,-23.540001,-5144.63723645453,2765.46997675671,0,"2017"
"1833","23-071",0,0.14,3.92,3.92,"South",151.679993,-23.559999,-5140.95571356051,2770.4355024816,0,"2017"
"1840","23-076",1,0,2.1,2.1,"South",152.039993,-23.6,-5156.68967559847,2737.2452209931,0,"2017"
"1841","23-077",0,0.15,3.73,3.73,"South",152.153687,-23.632118,-5160.84609351973,2726.33895521529,0,"2017"
"1842","23-078",0,0.15,3.66,3.66,"South",152.179993,-23.700001,-5159.41758041915,2722.55514450429,0,"2017"
"1843","23-079",0,0.3,4.04,4.04,"South",152.270004,-23.76,-5161.31183949298,2713.19713881737,0,"2017"
"1844","23-080",0,0.15,3.62,3.62,"South",152.289993,-23.809999,-5160.27301248869,2710.35369618485,0,"2017"
"1845","23-081",0,0.6,3.48,3.48,"South",152.369995,-23.860001,-5162.06186079461,2702.10379689827,0,"2017"
"1847","23-082a",0,0.44,3.06,3.06,"South",152.387207,-23.901783,-5161.20673537602,2699.68119805976,0,"2017"
